2026-02-07T16:17:10.578Z [console][error] A tree hydrated but some attributes of the server rendered HTML didn't match the client properties. This won't be patched up. This can happen if a SSR-ed Client Component used:

- A server/client branch `if (typeof window !== 'undefined')`.
- Variable input such as `Date.now()` or `Math.random()` which changes each time it's called.
- Date formatting in a user's locale which doesn't match the server.
- External changing data without sending a snapshot of it along with the HTML.
- Invalid HTML tag nesting.

It can also happen if the client has a browser extension installed which messes with the HTML before React loaded.

%s%s https://react.dev/link/hydration-mismatch 

  ...
    <HotReload assetPrefix="" globalError={[...]}>
      <AppDevOverlayErrorBoundary globalError={[...]}>
        <ReplaySsrOnlyErrors>
        <DevRootHTTPAccessFallbackBoundary>
          <HTTPAccessFallbackBoundary notFound={<NotAllowedRootHTTPFallbackError>}>
            <HTTPAccessFallbackErrorBoundary pathname="/" notFound={<NotAllowedRootHTTPFallbackError>} ...>
              <RedirectBoundary>
                <RedirectErrorBoundary router={{...}}>
                  <Head>
                  <__next_root_layout_boundary__>
                    <SegmentViewNode type="layout" pagePath="/Documents...">
                      <SegmentTrieNode>
                      <link>
                      <script>
                      <script>
                      <RootLayout>
                        <html data-orchids-id="src/app/la..." data-orchids-name="html" lang="en" ...>
                          <body
                            data-orchids-id="src/app/layout.tsx:33:6"
                            data-orchids-name="body"
                            className="geist_a71539c9-module__T19VSG__variable geist_mono_8d43a2aa-module__8Li5zG__var..."
-                           data-orchid-ref="ref-1tg0imr4h5"
                          >
                            ...
                              <SegmentViewNode type="page" pagePath="/Documents...">
                                <SegmentTrieNode>
                                <ClientPageRoot Component={function Home} searchParams={{}} params={{}}>
                                  <Home params={Promise} searchParams={Promise}>
                                    <div
                                      data-orchids-id="src/app/page.tsx:13:4"
                                      data-orchids-name="div"
                                      className="flex h-screen items-center justify-center bg-background"
-                                     data-orchid-ref="ref-5izozz4bhw"
                                    >
                                      <div
                                        data-orchids-id="src/app/page.tsx:14:6"
                                        data-orchids-name="div"
                                        className="flex flex-col items-center gap-4"
-                                       data-orchid-ref="ref-w6v891o3i7"
                                      >
                                        <div
                                          data-orchids-id="src/app/page.tsx:15:8"
                                          data-orchids-name="div"
                                          className="h-12 w-12 animate-spin rounded-full border-4 border-indigo-500 bo..."
-                                         data-orchid-ref="ref-qmaw4pypmk"
                                        >
                                        <p
                                          data-orchids-id="src/app/page.tsx:16:8"
                                          data-orchids-name="p"
                                          className="text-muted-foreground font-medium animate-pulse"
-                                         data-orchid-ref="ref-k5ajkt55ts"
                                        >
+                                         Loading Woodfrog Foundry...
                         ... [truncated]
2026-02-07T16:17:13.822Z [console][error] A tree hydrated but some attributes of the server rendered HTML didn't match the client properties. This won't be patched up. This can happen if a SSR-ed Client Component used:

- A server/client branch `if (typeof window !== 'undefined')`.
- Variable input such as `Date.now()` or `Math.random()` which changes each time it's called.
- Date formatting in a user's locale which doesn't match the server.
- External changing data without sending a snapshot of it along with the HTML.
- Invalid HTML tag nesting.

It can also happen if the client has a browser extension installed which messes with the HTML before React loaded.

%s%s https://react.dev/link/hydration-mismatch 

  ...
    <LoadingBoundary loading={null}>
      <HTTPAccessFallbackBoundary notFound={undefined} forbidden={undefined} unauthorized={undefined}>
        <RedirectBoundary>
          <RedirectErrorBoundary router={{...}}>
            <InnerLayoutRouter url="/animations" tree={[...]} cacheNode={{lazyData:null, ...}} segmentPath={[...]}>
              <SegmentViewNode type="page" pagePath="/Documents...">
                <SegmentTrieNode>
                <ClientPageRoot Component={function AnimationPage} searchParams={{}} params={{}}>
                  <AnimationPage params={Promise} searchParams={Promise}>
                    <main data-orchids-id="src/app/an..." data-orchids-name="main" className="relative h...">
                      <div>
                      <div>
                      <div data-orchids-id="src/app/an..." data-orchids-name="div" className="relative z..." ...>
                        <div>
                        <div data-orchids-id="src/app/an..." data-orchids-name="div" className="flex-1 bor...">
                          <AutomatedBankingDemo data-orchids-id="src/app/an..." data-orchids-name="DemoComponent">
                            <div data-orchids-id="src/compon..." data-orchids-name="div" ref={{current:null}} ...>
                              ...
                                <div data-orchids-id="src/compon..." data-orchids-name="motion.div" ...>
                                  <BankingDashboard data-orchids-id="src/compon..." data-orchids-name="BankingDas...">
                                    <div
                                      data-orchids-id="src/components/animations/BankingDashboard.tsx:75:8"
                                      data-orchids-name="div"
                                      className="flex w-full h-full bg-white text-slate-800 overflow-hidden"
                                      style={{fontFamily:"var(--font...",fontSize:"11px"}}
-                                     data-orchid-ref="ref-93s7am70xa"
                                    >
                                      <aside
                                        data-orchids-id="src/components/animations/BankingDashboard.tsx:77:12"
                                        data-orchids-name="aside"
                                        className="w-[140px] border-r border-gray-100/80 p-3 flex flex-col justify-bet..."
-                                       data-orchid-ref="ref-gz3znkbemu"
                                      >
                                        <div
                                          data-orchids-id="src/components/animations/BankingDashboard.tsx:78:16"
                                          data-orchids-name="div"
-                                         data-orchid-ref="ref-fqqluqy9jk"
                                        >
                                          <div
                                            data-orchids-id="src/components/animations/BankingDashboard.tsx:79:20"
                                            data-orchids-name="div"
                                            className="flex items-center gap-1.5 mb-5 px-0.5"
-                                           data-orchid-ref="ref-v1rhe4uot9"
                                          >
                                    ... [truncated]
2026-02-07T16:17:10.578Z [console][error] A tree hydrated but some attributes of the server rendered HTML didn't match the client properties. This won't be patched up. This can happen if a SSR-ed Client Component used:

- A server/client branch `if (typeof window !== 'undefined')`.
- Variable input such as `Date.now()` or `Math.random()` which changes each time it's called.
- Date formatting in a user's locale which doesn't match the server.
- External changing data without sending a snapshot of it along with the HTML.
- Invalid HTML tag nesting.

It can also happen if the client has a browser extension installed which messes with the HTML before React loaded.

%s%s https://react.dev/link/hydration-mismatch 

  ...
    <HotReload assetPrefix="" globalError={[...]}>
      <AppDevOverlayErrorBoundary globalError={[...]}>
        <ReplaySsrOnlyErrors>
        <DevRootHTTPAccessFallbackBoundary>
          <HTTPAccessFallbackBoundary notFound={<NotAllowedRootHTTPFallbackError>}>
            <HTTPAccessFallbackErrorBoundary pathname="/" notFound={<NotAllowedRootHTTPFallbackError>} ...>
              <RedirectBoundary>
                <RedirectErrorBoundary router={{...}}>
                  <Head>
                  <__next_root_layout_boundary__>
                    <SegmentViewNode type="layout" pagePath="/Documents...">
                      <SegmentTrieNode>
                      <link>
                      <script>
                      <script>
                      <RootLayout>
                        <html data-orchids-id="src/app/la..." data-orchids-name="html" lang="en" ...>
                          <body
                            data-orchids-id="src/app/layout.tsx:33:6"
                            data-orchids-name="body"
                            className="geist_a71539c9-module__T19VSG__variable geist_mono_8d43a2aa-module__8Li5zG__var..."
-                           data-orchid-ref="ref-1tg0imr4h5"
                          >
                            ...
                              <SegmentViewNode type="page" pagePath="/Documents...">
                                <SegmentTrieNode>
                                <ClientPageRoot Component={function Home} searchParams={{}} params={{}}>
                                  <Home params={Promise} searchParams={Promise}>
                                    <div
                                      data-orchids-id="src/app/page.tsx:13:4"
                                      data-orchids-name="div"
                                      className="flex h-screen items-center justify-center bg-background"
-                                     data-orchid-ref="ref-5izozz4bhw"
                                    >
                                      <div
                                        data-orchids-id="src/app/page.tsx:14:6"
                                        data-orchids-name="div"
                                        className="flex flex-col items-center gap-4"
-                                       data-orchid-ref="ref-w6v891o3i7"
                                      >
                                        <div
                                          data-orchids-id="src/app/page.tsx:15:8"
                                          data-orchids-name="div"
                                          className="h-12 w-12 animate-spin rounded-full border-4 border-indigo-500 bo..."
-                                         data-orchid-ref="ref-qmaw4pypmk"
                                        >
                                        <p
                                          data-orchids-id="src/app/page.tsx:16:8"
                                          data-orchids-name="p"
                                          className="text-muted-foreground font-medium animate-pulse"
-                                         data-orchid-ref="ref-k5ajkt55ts"
                                        >
+                                         Loading Woodfrog Foundry...
                         ... [truncated]
2026-02-07T16:17:13.822Z [console][error] A tree hydrated but some attributes of the server rendered HTML didn't match the client properties. This won't be patched up. This can happen if a SSR-ed Client Component used:

- A server/client branch `if (typeof window !== 'undefined')`.
- Variable input such as `Date.now()` or `Math.random()` which changes each time it's called.
- Date formatting in a user's locale which doesn't match the server.
- External changing data without sending a snapshot of it along with the HTML.
- Invalid HTML tag nesting.

It can also happen if the client has a browser extension installed which messes with the HTML before React loaded.

%s%s https://react.dev/link/hydration-mismatch 

  ...
    <LoadingBoundary loading={null}>
      <HTTPAccessFallbackBoundary notFound={undefined} forbidden={undefined} unauthorized={undefined}>
        <RedirectBoundary>
          <RedirectErrorBoundary router={{...}}>
            <InnerLayoutRouter url="/animations" tree={[...]} cacheNode={{lazyData:null, ...}} segmentPath={[...]}>
              <SegmentViewNode type="page" pagePath="/Documents...">
                <SegmentTrieNode>
                <ClientPageRoot Component={function AnimationPage} searchParams={{}} params={{}}>
                  <AnimationPage params={Promise} searchParams={Promise}>
                    <main data-orchids-id="src/app/an..." data-orchids-name="main" className="relative h...">
                      <div>
                      <div>
                      <div data-orchids-id="src/app/an..." data-orchids-name="div" className="relative z..." ...>
                        <div>
                        <div data-orchids-id="src/app/an..." data-orchids-name="div" className="flex-1 bor...">
                          <AutomatedBankingDemo data-orchids-id="src/app/an..." data-orchids-name="DemoComponent">
                            <div data-orchids-id="src/compon..." data-orchids-name="div" ref={{current:null}} ...>
                              ...
                                <div data-orchids-id="src/compon..." data-orchids-name="motion.div" ...>
                                  <BankingDashboard data-orchids-id="src/compon..." data-orchids-name="BankingDas...">
                                    <div
                                      data-orchids-id="src/components/animations/BankingDashboard.tsx:75:8"
                                      data-orchids-name="div"
                                      className="flex w-full h-full bg-white text-slate-800 overflow-hidden"
                                      style={{fontFamily:"var(--font...",fontSize:"11px"}}
-                                     data-orchid-ref="ref-93s7am70xa"
                                    >
                                      <aside
                                        data-orchids-id="src/components/animations/BankingDashboard.tsx:77:12"
                                        data-orchids-name="aside"
                                        className="w-[140px] border-r border-gray-100/80 p-3 flex flex-col justify-bet..."
-                                       data-orchid-ref="ref-gz3znkbemu"
                                      >
                                        <div
                                          data-orchids-id="src/components/animations/BankingDashboard.tsx:78:16"
                                          data-orchids-name="div"
-                                         data-orchid-ref="ref-fqqluqy9jk"
                                        >
                                          <div
                                            data-orchids-id="src/components/animations/BankingDashboard.tsx:79:20"
                                            data-orchids-name="div"
                                            className="flex items-center gap-1.5 mb-5 px-0.5"
-                                           data-orchid-ref="ref-v1rhe4uot9"
                                          >
                                    ... [truncated]
2026-02-07T16:22:30.837Z [console][error] A tree hydrated but some attributes of the server rendered HTML didn't match the client properties. This won't be patched up. This can happen if a SSR-ed Client Component used:

- A server/client branch `if (typeof window !== 'undefined')`.
- Variable input such as `Date.now()` or `Math.random()` which changes each time it's called.
- Date formatting in a user's locale which doesn't match the server.
- External changing data without sending a snapshot of it along with the HTML.
- Invalid HTML tag nesting.

It can also happen if the client has a browser extension installed which messes with the HTML before React loaded.

%s%s https://react.dev/link/hydration-mismatch 

  ...
    <HotReload assetPrefix="" globalError={[...]}>
      <AppDevOverlayErrorBoundary globalError={[...]}>
        <ReplaySsrOnlyErrors>
        <DevRootHTTPAccessFallbackBoundary>
          <HTTPAccessFallbackBoundary notFound={<NotAllowedRootHTTPFallbackError>}>
            <HTTPAccessFallbackErrorBoundary pathname="/animations" notFound={<NotAllowedRootHTTPFallbackError>} ...>
              <RedirectBoundary>
                <RedirectErrorBoundary router={{...}}>
                  <Head>
                  <__next_root_layout_boundary__>
                    <SegmentViewNode type="layout" pagePath="/Documents...">
                      <SegmentTrieNode>
                      <link>
                      <script>
                      <script>
                      <RootLayout>
                        <html data-orchids-id="src/app/la..." data-orchids-name="html" lang="en" ...>
                          <body
                            data-orchids-id="src/app/layout.tsx:33:6"
                            data-orchids-name="body"
                            className="geist_a71539c9-module__T19VSG__variable geist_mono_8d43a2aa-module__8Li5zG__var..."
-                           data-orchid-ref="ref-t6j2skxx1d"
                          >
                            ...
                              <SegmentViewNode type="page" pagePath="/Documents...">
                                <SegmentTrieNode>
                                <ClientPageRoot Component={function AnimationPage} searchParams={{}} params={{}}>
                                  <AnimationPage params={Promise} searchParams={Promise}>
                                    <main
                                      data-orchids-id="src/app/animations/page.tsx:49:8"
                                      data-orchids-name="main"
                                      className="relative h-screen w-full flex flex-col items-center justify-center ov..."
-                                     data-orchid-ref="ref-r7hkeujv3f"
                                    >
                                      <div
                                        data-orchids-id="src/app/animations/page.tsx:51:12"
                                        data-orchids-name="div"
                                        className="absolute inset-0 opacity-[0.03]"
                                        style={{backgroundImage:"radial-gra...",backgroundSize:"32px 32px"}}
-                                       data-orchid-ref="ref-9uulrnka29"
                                      >
                                      <div
                                        data-orchids-id="src/app/animations/page.tsx:57:12"
                                        data-orchids-name="div"
                                        className="fixed top-0 left-0 right-0 z-[200] px-6 py-4 flex items-center just..."
-                                       data-orchid-ref="ref-0rnzh8n5ox"
                                      >
                                        <LinkComponent data-orchids-id="src/app/an..." data-orchids-name="Link" href="/" ...>
                                          <a
                                            data-orchids-id="src/app/animations/page.tsx:58:16"
                                            data-orchids... [truncated]
2026-02-07T16:22:30.835Z [console][error] A tree hydrated but some attributes of the server rendered HTML didn't match the client properties. This won't be patched up. This can happen if a SSR-ed Client Component used:

- A server/client branch `if (typeof window !== 'undefined')`.
- Variable input such as `Date.now()` or `Math.random()` which changes each time it's called.
- Date formatting in a user's locale which doesn't match the server.
- External changing data without sending a snapshot of it along with the HTML.
- Invalid HTML tag nesting.

It can also happen if the client has a browser extension installed which messes with the HTML before React loaded.

%s%s https://react.dev/link/hydration-mismatch 

  ...
    <HotReload assetPrefix="" globalError={[...]}>
      <AppDevOverlayErrorBoundary globalError={[...]}>
        <ReplaySsrOnlyErrors>
        <DevRootHTTPAccessFallbackBoundary>
          <HTTPAccessFallbackBoundary notFound={<NotAllowedRootHTTPFallbackError>}>
            <HTTPAccessFallbackErrorBoundary pathname="/animations" notFound={<NotAllowedRootHTTPFallbackError>} ...>
              <RedirectBoundary>
                <RedirectErrorBoundary router={{...}}>
                  <Head>
                  <__next_root_layout_boundary__>
                    <SegmentViewNode type="layout" pagePath="/Documents...">
                      <SegmentTrieNode>
                      <link>
                      <script>
                      <script>
                      <RootLayout>
                        <html data-orchids-id="src/app/la..." data-orchids-name="html" lang="en" ...>
                          <body
                            data-orchids-id="src/app/layout.tsx:33:6"
                            data-orchids-name="body"
                            className="geist_a71539c9-module__T19VSG__variable geist_mono_8d43a2aa-module__8Li5zG__var..."
-                           data-orchid-ref="ref-t6j2skxx1d"
                          >
                            ...
                            ...
2026-02-07T16:22:30.837Z [console][error] A tree hydrated but some attributes of the server rendered HTML didn't match the client properties. This won't be patched up. This can happen if a SSR-ed Client Component used:

- A server/client branch `if (typeof window !== 'undefined')`.
- Variable input such as `Date.now()` or `Math.random()` which changes each time it's called.
- Date formatting in a user's locale which doesn't match the server.
- External changing data without sending a snapshot of it along with the HTML.
- Invalid HTML tag nesting.

It can also happen if the client has a browser extension installed which messes with the HTML before React loaded.

%s%s https://react.dev/link/hydration-mismatch 

  ...
    <HotReload assetPrefix="" globalError={[...]}>
      <AppDevOverlayErrorBoundary globalError={[...]}>
        <ReplaySsrOnlyErrors>
        <DevRootHTTPAccessFallbackBoundary>
          <HTTPAccessFallbackBoundary notFound={<NotAllowedRootHTTPFallbackError>}>
            <HTTPAccessFallbackErrorBoundary pathname="/animations" notFound={<NotAllowedRootHTTPFallbackError>} ...>
              <RedirectBoundary>
                <RedirectErrorBoundary router={{...}}>
                  <Head>
                  <__next_root_layout_boundary__>
                    <SegmentViewNode type="layout" pagePath="/Documents...">
                      <SegmentTrieNode>
                      <link>
                      <script>
                      <script>
                      <RootLayout>
                        <html data-orchids-id="src/app/la..." data-orchids-name="html" lang="en" ...>
                          <body
                            data-orchids-id="src/app/layout.tsx:33:6"
                            data-orchids-name="body"
                            className="geist_a71539c9-module__T19VSG__variable geist_mono_8d43a2aa-module__8Li5zG__var..."
-                           data-orchid-ref="ref-t6j2skxx1d"
                          >
                            ...
                              <SegmentViewNode type="page" pagePath="/Documents...">
                                <SegmentTrieNode>
                                <ClientPageRoot Component={function AnimationPage} searchParams={{}} params={{}}>
                                  <AnimationPage params={Promise} searchParams={Promise}>
                                    <main
                                      data-orchids-id="src/app/animations/page.tsx:49:8"
                                      data-orchids-name="main"
                                      className="relative h-screen w-full flex flex-col items-center justify-center ov..."
-                                     data-orchid-ref="ref-r7hkeujv3f"
                                    >
                                      <div
                                        data-orchids-id="src/app/animations/page.tsx:51:12"
                                        data-orchids-name="div"
                                        className="absolute inset-0 opacity-[0.03]"
                                        style={{backgroundImage:"radial-gra...",backgroundSize:"32px 32px"}}
-                                       data-orchid-ref="ref-9uulrnka29"
                                      >
                                      <div
                                        data-orchids-id="src/app/animations/page.tsx:57:12"
                                        data-orchids-name="div"
                                        className="fixed top-0 left-0 right-0 z-[200] px-6 py-4 flex items-center just..."
-                                       data-orchid-ref="ref-0rnzh8n5ox"
                                      >
                                        <LinkComponent data-orchids-id="src/app/an..." data-orchids-name="Link" href="/" ...>
                                          <a
                                            data-orchids-id="src/app/animations/page.tsx:58:16"
                                            data-orchids... [truncated]
2026-02-07T16:26:21.464Z [console][error] A tree hydrated but some attributes of the server rendered HTML didn't match the client properties. This won't be patched up. This can happen if a SSR-ed Client Component used:

- A server/client branch `if (typeof window !== 'undefined')`.
- Variable input such as `Date.now()` or `Math.random()` which changes each time it's called.
- Date formatting in a user's locale which doesn't match the server.
- External changing data without sending a snapshot of it along with the HTML.
- Invalid HTML tag nesting.

It can also happen if the client has a browser extension installed which messes with the HTML before React loaded.

%s%s https://react.dev/link/hydration-mismatch 

  ...
    <HotReload assetPrefix="" globalError={[...]}>
      <AppDevOverlayErrorBoundary globalError={[...]}>
        <ReplaySsrOnlyErrors>
        <DevRootHTTPAccessFallbackBoundary>
          <HTTPAccessFallbackBoundary notFound={<NotAllowedRootHTTPFallbackError>}>
            <HTTPAccessFallbackErrorBoundary pathname="/animations" notFound={<NotAllowedRootHTTPFallbackError>} ...>
              <RedirectBoundary>
                <RedirectErrorBoundary router={{...}}>
                  <Head>
                  <__next_root_layout_boundary__>
                    <SegmentViewNode type="layout" pagePath="/Documents...">
                      <SegmentTrieNode>
                      <link>
                      <script>
                      <script>
                      <RootLayout>
                        <html data-orchids-id="src/app/la..." data-orchids-name="html" lang="en" ...>
                          <body
                            data-orchids-id="src/app/layout.tsx:33:6"
                            data-orchids-name="body"
                            className="geist_a71539c9-module__T19VSG__variable geist_mono_8d43a2aa-module__8Li5zG__var..."
-                           data-orchid-ref="ref-iexl25834i"
                          >
                            ...
                              <SegmentViewNode type="page" pagePath="/Documents...">
                                <SegmentTrieNode>
                                <ClientPageRoot Component={function AnimationPage} searchParams={{}} params={{}}>
                                  <AnimationPage params={Promise} searchParams={Promise}>
                                    <main
                                      data-orchids-id="src/app/animations/page.tsx:49:8"
                                      data-orchids-name="main"
                                      className="relative h-screen w-full flex flex-col items-center justify-center ov..."
-                                     data-orchid-ref="ref-k6lw4yhbyj"
                                    >
                                      <div
                                        data-orchids-id="src/app/animations/page.tsx:51:12"
                                        data-orchids-name="div"
                                        className="absolute inset-0 opacity-[0.03]"
                                        style={{backgroundImage:"radial-gra...",backgroundSize:"32px 32px"}}
-                                       data-orchid-ref="ref-3kv6u00yi7"
                                      >
                                      <div
                                        data-orchids-id="src/app/animations/page.tsx:57:12"
                                        data-orchids-name="div"
                                        className="fixed top-0 left-0 right-0 z-[200] px-6 py-4 flex items-center just..."
-                                       data-orchid-ref="ref-042yxa69mf"
                                      >
                                        <LinkComponent data-orchids-id="src/app/an..." data-orchids-name="Link" href="/" ...>
                                          <a
                                            data-orchids-id="src/app/animations/page.tsx:58:16"
                                            data-orchids... [truncated]
2026-02-07T16:29:22.077Z [console][error] A tree hydrated but some attributes of the server rendered HTML didn't match the client properties. This won't be patched up. This can happen if a SSR-ed Client Component used:

- A server/client branch `if (typeof window !== 'undefined')`.
- Variable input such as `Date.now()` or `Math.random()` which changes each time it's called.
- Date formatting in a user's locale which doesn't match the server.
- External changing data without sending a snapshot of it along with the HTML.
- Invalid HTML tag nesting.

It can also happen if the client has a browser extension installed which messes with the HTML before React loaded.

%s%s https://react.dev/link/hydration-mismatch 

  ...
    <HotReload assetPrefix="" globalError={[...]}>
      <AppDevOverlayErrorBoundary globalError={[...]}>
        <ReplaySsrOnlyErrors>
        <DevRootHTTPAccessFallbackBoundary>
          <HTTPAccessFallbackBoundary notFound={<NotAllowedRootHTTPFallbackError>}>
            <HTTPAccessFallbackErrorBoundary pathname="/animations" notFound={<NotAllowedRootHTTPFallbackError>} ...>
              <RedirectBoundary>
                <RedirectErrorBoundary router={{...}}>
                  <Head>
                  <__next_root_layout_boundary__>
                    <SegmentViewNode type="layout" pagePath="/Documents...">
                      <SegmentTrieNode>
                      <link>
                      <script>
                      <script>
                      <RootLayout>
                        <html data-orchids-id="src/app/la..." data-orchids-name="html" lang="en" ...>
                          <body
                            data-orchids-id="src/app/layout.tsx:33:6"
                            data-orchids-name="body"
                            className="geist_a71539c9-module__T19VSG__variable geist_mono_8d43a2aa-module__8Li5zG__var..."
-                           data-orchid-ref="ref-q8ax3irt4b"
                          >
                            ...
                              <SegmentViewNode type="page" pagePath="/Documents...">
                                <SegmentTrieNode>
                                <ClientPageRoot Component={function AnimationPage} searchParams={{}} params={{}}>
                                  <AnimationPage params={Promise} searchParams={Promise}>
                                    <main
                                      data-orchids-id="src/app/animations/page.tsx:49:8"
                                      data-orchids-name="main"
                                      className="relative h-screen w-full flex flex-col items-center justify-center ov..."
-                                     data-orchid-ref="ref-ua28y8qkls"
                                    >
                                      <div
                                        data-orchids-id="src/app/animations/page.tsx:51:12"
                                        data-orchids-name="div"
                                        className="absolute inset-0 opacity-[0.03]"
                                        style={{backgroundImage:"radial-gra...",backgroundSize:"32px 32px"}}
-                                       data-orchid-ref="ref-yqvusy4m4x"
                                      >
                                      <div
                                        data-orchids-id="src/app/animations/page.tsx:57:12"
                                        data-orchids-name="div"
                                        className="fixed top-0 left-0 right-0 z-[200] px-6 py-4 flex items-center just..."
-                                       data-orchid-ref="ref-03r1ogl8fz"
                                      >
                                        <LinkComponent data-orchids-id="src/app/an..." data-orchids-name="Link" href="/" ...>
                                          <a
                                            data-orchids-id="src/app/animations/page.tsx:58:16"
                                            data-orchids... [truncated]
2026-02-07T16:30:23.505Z [console][error] A tree hydrated but some attributes of the server rendered HTML didn't match the client properties. This won't be patched up. This can happen if a SSR-ed Client Component used:

- A server/client branch `if (typeof window !== 'undefined')`.
- Variable input such as `Date.now()` or `Math.random()` which changes each time it's called.
- Date formatting in a user's locale which doesn't match the server.
- External changing data without sending a snapshot of it along with the HTML.
- Invalid HTML tag nesting.

It can also happen if the client has a browser extension installed which messes with the HTML before React loaded.

%s%s https://react.dev/link/hydration-mismatch 

  ...
    <HotReload assetPrefix="" globalError={[...]}>
      <AppDevOverlayErrorBoundary globalError={[...]}>
        <ReplaySsrOnlyErrors>
        <DevRootHTTPAccessFallbackBoundary>
          <HTTPAccessFallbackBoundary notFound={<NotAllowedRootHTTPFallbackError>}>
            <HTTPAccessFallbackErrorBoundary pathname="/animations" notFound={<NotAllowedRootHTTPFallbackError>} ...>
              <RedirectBoundary>
                <RedirectErrorBoundary router={{...}}>
                  <Head>
                  <__next_root_layout_boundary__>
                    <SegmentViewNode type="layout" pagePath="/Documents...">
                      <SegmentTrieNode>
                      <link>
                      <script>
                      <script>
                      <RootLayout>
                        <html data-orchids-id="src/app/la..." data-orchids-name="html" lang="en" ...>
                          <body
                            data-orchids-id="src/app/layout.tsx:33:6"
                            data-orchids-name="body"
                            className="geist_a71539c9-module__T19VSG__variable geist_mono_8d43a2aa-module__8Li5zG__var..."
-                           data-orchid-ref="ref-1zx55je4fp"
                          >
                            ...
                              <SegmentViewNode type="page" pagePath="/Documents...">
                                <SegmentTrieNode>
                                <ClientPageRoot Component={function AnimationPage} searchParams={{}} params={{}}>
                                  <AnimationPage params={Promise} searchParams={Promise}>
                                    <main
                                      data-orchids-id="src/app/animations/page.tsx:49:8"
                                      data-orchids-name="main"
                                      className="relative h-screen w-full flex flex-col items-center justify-center ov..."
-                                     data-orchid-ref="ref-trx9c7knnh"
                                    >
                                      <div
                                        data-orchids-id="src/app/animations/page.tsx:51:12"
                                        data-orchids-name="div"
                                        className="absolute inset-0 opacity-[0.03]"
                                        style={{backgroundImage:"radial-gra...",backgroundSize:"32px 32px"}}
-                                       data-orchid-ref="ref-0mhhzbkfy4"
                                      >
                                      <div
                                        data-orchids-id="src/app/animations/page.tsx:57:12"
                                        data-orchids-name="div"
                                        className="fixed top-0 left-0 right-0 z-[200] px-6 py-4 flex items-center just..."
-                                       data-orchid-ref="ref-lcnq11pa08"
                                      >
                                        <LinkComponent data-orchids-id="src/app/an..." data-orchids-name="Link" href="/" ...>
                                          <a
                                            data-orchids-id="src/app/animations/page.tsx:58:16"
                                            data-orchids... [truncated]
2026-02-07T16:30:23.504Z [console][error] A tree hydrated but some attributes of the server rendered HTML didn't match the client properties. This won't be patched up. This can happen if a SSR-ed Client Component used:

- A server/client branch `if (typeof window !== 'undefined')`.
- Variable input such as `Date.now()` or `Math.random()` which changes each time it's called.
- Date formatting in a user's locale which doesn't match the server.
- External changing data without sending a snapshot of it along with the HTML.
- Invalid HTML tag nesting.

It can also happen if the client has a browser extension installed which messes with the HTML before React loaded.

%s%s https://react.dev/link/hydration-mismatch 

  ...
    <HotReload assetPrefix="" globalError={[...]}>
      <AppDevOverlayErrorBoundary globalError={[...]}>
        <ReplaySsrOnlyErrors>
        <DevRootHTTPAccessFallbackBoundary>
          <HTTPAccessFallbackBoundary notFound={<NotAllowedRootHTTPFallbackError>}>
            <HTTPAccessFallbackErrorBoundary pathname="/animations" notFound={<NotAllowedRootHTTPFallbackError>} ...>
              <RedirectBoundary>
                <RedirectErrorBoundary router={{...}}>
                  <Head>
                  <__next_root_layout_boundary__>
                    <SegmentViewNode type="layout" pagePath="/Documents...">
                      <SegmentTrieNode>
                      <link>
                      <script>
                      <script>
                      <RootLayout>
                        <html data-orchids-id="src/app/la..." data-orchids-name="html" lang="en" ...>
                          <body
                            data-orchids-id="src/app/layout.tsx:33:6"
                            data-orchids-name="body"
                            className="geist_a71539c9-module__T19VSG__variable geist_mono_8d43a2aa-module__8Li5zG__var..."
-                           data-orchid-ref="ref-1zx55je4fp"
                          >
                            ...
                            ...
2026-02-07T16:22:30.837Z [console][error] A tree hydrated but some attributes of the server rendered HTML didn't match the client properties. This won't be patched up. This can happen if a SSR-ed Client Component used:

- A server/client branch `if (typeof window !== 'undefined')`.
- Variable input such as `Date.now()` or `Math.random()` which changes each time it's called.
- Date formatting in a user's locale which doesn't match the server.
- External changing data without sending a snapshot of it along with the HTML.
- Invalid HTML tag nesting.

It can also happen if the client has a browser extension installed which messes with the HTML before React loaded.

%s%s https://react.dev/link/hydration-mismatch 

  ...
    <HotReload assetPrefix="" globalError={[...]}>
      <AppDevOverlayErrorBoundary globalError={[...]}>
        <ReplaySsrOnlyErrors>
        <DevRootHTTPAccessFallbackBoundary>
          <HTTPAccessFallbackBoundary notFound={<NotAllowedRootHTTPFallbackError>}>
            <HTTPAccessFallbackErrorBoundary pathname="/animations" notFound={<NotAllowedRootHTTPFallbackError>} ...>
              <RedirectBoundary>
                <RedirectErrorBoundary router={{...}}>
                  <Head>
                  <__next_root_layout_boundary__>
                    <SegmentViewNode type="layout" pagePath="/Documents...">
                      <SegmentTrieNode>
                      <link>
                      <script>
                      <script>
                      <RootLayout>
                        <html data-orchids-id="src/app/la..." data-orchids-name="html" lang="en" ...>
                          <body
                            data-orchids-id="src/app/layout.tsx:33:6"
                            data-orchids-name="body"
                            className="geist_a71539c9-module__T19VSG__variable geist_mono_8d43a2aa-module__8Li5zG__var..."
-                           data-orchid-ref="ref-t6j2skxx1d"
                          >
                            ...
                              <SegmentViewNode type="page" pagePath="/Documents...">
                                <SegmentTrieNode>
                                <ClientPageRoot Component={function AnimationPage} searchParams={{}} params={{}}>
                                  <AnimationPage params={Promise} searchParams={Promise}>
                                    <main
                                      data-orchids-id="src/app/animations/page.tsx:49:8"
                                      data-orchids-name="main"
                                      className="relative h-screen w-full flex flex-col items-center justify-center ov..."
-                                     data-orchid-ref="ref-r7hkeujv3f"
                                    >
                                      <div
                                        data-orchids-id="src/app/animations/page.tsx:51:12"
                                        data-orchids-name="div"
                                        className="absolute inset-0 opacity-[0.03]"
                                        style={{backgroundImage:"radial-gra...",backgroundSize:"32px 32px"}}
-                                       data-orchid-ref="ref-9uulrnka29"
                                      >
                                      <div
                                        data-orchids-id="src/app/animations/page.tsx:57:12"
                                        data-orchids-name="div"
                                        className="fixed top-0 left-0 right-0 z-[200] px-6 py-4 flex items-center just..."
-                                       data-orchid-ref="ref-0rnzh8n5ox"
                                      >
                                        <LinkComponent data-orchids-id="src/app/an..." data-orchids-name="Link" href="/" ...>
                                          <a
                                            data-orchids-id="src/app/animations/page.tsx:58:16"
                                            data-orchids... [truncated]
2026-02-07T16:26:21.464Z [console][error] A tree hydrated but some attributes of the server rendered HTML didn't match the client properties. This won't be patched up. This can happen if a SSR-ed Client Component used:

- A server/client branch `if (typeof window !== 'undefined')`.
- Variable input such as `Date.now()` or `Math.random()` which changes each time it's called.
- Date formatting in a user's locale which doesn't match the server.
- External changing data without sending a snapshot of it along with the HTML.
- Invalid HTML tag nesting.

It can also happen if the client has a browser extension installed which messes with the HTML before React loaded.

%s%s https://react.dev/link/hydration-mismatch 

  ...
    <HotReload assetPrefix="" globalError={[...]}>
      <AppDevOverlayErrorBoundary globalError={[...]}>
        <ReplaySsrOnlyErrors>
        <DevRootHTTPAccessFallbackBoundary>
          <HTTPAccessFallbackBoundary notFound={<NotAllowedRootHTTPFallbackError>}>
            <HTTPAccessFallbackErrorBoundary pathname="/animations" notFound={<NotAllowedRootHTTPFallbackError>} ...>
              <RedirectBoundary>
                <RedirectErrorBoundary router={{...}}>
                  <Head>
                  <__next_root_layout_boundary__>
                    <SegmentViewNode type="layout" pagePath="/Documents...">
                      <SegmentTrieNode>
                      <link>
                      <script>
                      <script>
                      <RootLayout>
                        <html data-orchids-id="src/app/la..." data-orchids-name="html" lang="en" ...>
                          <body
                            data-orchids-id="src/app/layout.tsx:33:6"
                            data-orchids-name="body"
                            className="geist_a71539c9-module__T19VSG__variable geist_mono_8d43a2aa-module__8Li5zG__var..."
-                           data-orchid-ref="ref-iexl25834i"
                          >
                            ...
                              <SegmentViewNode type="page" pagePath="/Documents...">
                                <SegmentTrieNode>
                                <ClientPageRoot Component={function AnimationPage} searchParams={{}} params={{}}>
                                  <AnimationPage params={Promise} searchParams={Promise}>
                                    <main
                                      data-orchids-id="src/app/animations/page.tsx:49:8"
                                      data-orchids-name="main"
                                      className="relative h-screen w-full flex flex-col items-center justify-center ov..."
-                                     data-orchid-ref="ref-k6lw4yhbyj"
                                    >
                                      <div
                                        data-orchids-id="src/app/animations/page.tsx:51:12"
                                        data-orchids-name="div"
                                        className="absolute inset-0 opacity-[0.03]"
                                        style={{backgroundImage:"radial-gra...",backgroundSize:"32px 32px"}}
-                                       data-orchid-ref="ref-3kv6u00yi7"
                                      >
                                      <div
                                        data-orchids-id="src/app/animations/page.tsx:57:12"
                                        data-orchids-name="div"
                                        className="fixed top-0 left-0 right-0 z-[200] px-6 py-4 flex items-center just..."
-                                       data-orchid-ref="ref-042yxa69mf"
                                      >
                                        <LinkComponent data-orchids-id="src/app/an..." data-orchids-name="Link" href="/" ...>
                                          <a
                                            data-orchids-id="src/app/animations/page.tsx:58:16"
                                            data-orchids... [truncated]
2026-02-07T16:29:22.077Z [console][error] A tree hydrated but some attributes of the server rendered HTML didn't match the client properties. This won't be patched up. This can happen if a SSR-ed Client Component used:

- A server/client branch `if (typeof window !== 'undefined')`.
- Variable input such as `Date.now()` or `Math.random()` which changes each time it's called.
- Date formatting in a user's locale which doesn't match the server.
- External changing data without sending a snapshot of it along with the HTML.
- Invalid HTML tag nesting.

It can also happen if the client has a browser extension installed which messes with the HTML before React loaded.

%s%s https://react.dev/link/hydration-mismatch 

  ...
    <HotReload assetPrefix="" globalError={[...]}>
      <AppDevOverlayErrorBoundary globalError={[...]}>
        <ReplaySsrOnlyErrors>
        <DevRootHTTPAccessFallbackBoundary>
          <HTTPAccessFallbackBoundary notFound={<NotAllowedRootHTTPFallbackError>}>
            <HTTPAccessFallbackErrorBoundary pathname="/animations" notFound={<NotAllowedRootHTTPFallbackError>} ...>
              <RedirectBoundary>
                <RedirectErrorBoundary router={{...}}>
                  <Head>
                  <__next_root_layout_boundary__>
                    <SegmentViewNode type="layout" pagePath="/Documents...">
                      <SegmentTrieNode>
                      <link>
                      <script>
                      <script>
                      <RootLayout>
                        <html data-orchids-id="src/app/la..." data-orchids-name="html" lang="en" ...>
                          <body
                            data-orchids-id="src/app/layout.tsx:33:6"
                            data-orchids-name="body"
                            className="geist_a71539c9-module__T19VSG__variable geist_mono_8d43a2aa-module__8Li5zG__var..."
-                           data-orchid-ref="ref-q8ax3irt4b"
                          >
                            ...
                              <SegmentViewNode type="page" pagePath="/Documents...">
                                <SegmentTrieNode>
                                <ClientPageRoot Component={function AnimationPage} searchParams={{}} params={{}}>
                                  <AnimationPage params={Promise} searchParams={Promise}>
                                    <main
                                      data-orchids-id="src/app/animations/page.tsx:49:8"
                                      data-orchids-name="main"
                                      className="relative h-screen w-full flex flex-col items-center justify-center ov..."
-                                     data-orchid-ref="ref-ua28y8qkls"
                                    >
                                      <div
                                        data-orchids-id="src/app/animations/page.tsx:51:12"
                                        data-orchids-name="div"
                                        className="absolute inset-0 opacity-[0.03]"
                                        style={{backgroundImage:"radial-gra...",backgroundSize:"32px 32px"}}
-                                       data-orchid-ref="ref-yqvusy4m4x"
                                      >
                                      <div
                                        data-orchids-id="src/app/animations/page.tsx:57:12"
                                        data-orchids-name="div"
                                        className="fixed top-0 left-0 right-0 z-[200] px-6 py-4 flex items-center just..."
-                                       data-orchid-ref="ref-03r1ogl8fz"
                                      >
                                        <LinkComponent data-orchids-id="src/app/an..." data-orchids-name="Link" href="/" ...>
                                          <a
                                            data-orchids-id="src/app/animations/page.tsx:58:16"
                                            data-orchids... [truncated]
2026-02-07T16:30:23.505Z [console][error] A tree hydrated but some attributes of the server rendered HTML didn't match the client properties. This won't be patched up. This can happen if a SSR-ed Client Component used:

- A server/client branch `if (typeof window !== 'undefined')`.
- Variable input such as `Date.now()` or `Math.random()` which changes each time it's called.
- Date formatting in a user's locale which doesn't match the server.
- External changing data without sending a snapshot of it along with the HTML.
- Invalid HTML tag nesting.

It can also happen if the client has a browser extension installed which messes with the HTML before React loaded.

%s%s https://react.dev/link/hydration-mismatch 

  ...
    <HotReload assetPrefix="" globalError={[...]}>
      <AppDevOverlayErrorBoundary globalError={[...]}>
        <ReplaySsrOnlyErrors>
        <DevRootHTTPAccessFallbackBoundary>
          <HTTPAccessFallbackBoundary notFound={<NotAllowedRootHTTPFallbackError>}>
            <HTTPAccessFallbackErrorBoundary pathname="/animations" notFound={<NotAllowedRootHTTPFallbackError>} ...>
              <RedirectBoundary>
                <RedirectErrorBoundary router={{...}}>
                  <Head>
                  <__next_root_layout_boundary__>
                    <SegmentViewNode type="layout" pagePath="/Documents...">
                      <SegmentTrieNode>
                      <link>
                      <script>
                      <script>
                      <RootLayout>
                        <html data-orchids-id="src/app/la..." data-orchids-name="html" lang="en" ...>
                          <body
                            data-orchids-id="src/app/layout.tsx:33:6"
                            data-orchids-name="body"
                            className="geist_a71539c9-module__T19VSG__variable geist_mono_8d43a2aa-module__8Li5zG__var..."
-                           data-orchid-ref="ref-1zx55je4fp"
                          >
                            ...
                              <SegmentViewNode type="page" pagePath="/Documents...">
                                <SegmentTrieNode>
                                <ClientPageRoot Component={function AnimationPage} searchParams={{}} params={{}}>
                                  <AnimationPage params={Promise} searchParams={Promise}>
                                    <main
                                      data-orchids-id="src/app/animations/page.tsx:49:8"
                                      data-orchids-name="main"
                                      className="relative h-screen w-full flex flex-col items-center justify-center ov..."
-                                     data-orchid-ref="ref-trx9c7knnh"
                                    >
                                      <div
                                        data-orchids-id="src/app/animations/page.tsx:51:12"
                                        data-orchids-name="div"
                                        className="absolute inset-0 opacity-[0.03]"
                                        style={{backgroundImage:"radial-gra...",backgroundSize:"32px 32px"}}
-                                       data-orchid-ref="ref-0mhhzbkfy4"
                                      >
                                      <div
                                        data-orchids-id="src/app/animations/page.tsx:57:12"
                                        data-orchids-name="div"
                                        className="fixed top-0 left-0 right-0 z-[200] px-6 py-4 flex items-center just..."
-                                       data-orchid-ref="ref-lcnq11pa08"
                                      >
                                        <LinkComponent data-orchids-id="src/app/an..." data-orchids-name="Link" href="/" ...>
                                          <a
                                            data-orchids-id="src/app/animations/page.tsx:58:16"
                                            data-orchids... [truncated]
2026-02-07T16:40:45.987Z [console][error] A tree hydrated but some attributes of the server rendered HTML didn't match the client properties. This won't be patched up. This can happen if a SSR-ed Client Component used:

- A server/client branch `if (typeof window !== 'undefined')`.
- Variable input such as `Date.now()` or `Math.random()` which changes each time it's called.
- Date formatting in a user's locale which doesn't match the server.
- External changing data without sending a snapshot of it along with the HTML.
- Invalid HTML tag nesting.

It can also happen if the client has a browser extension installed which messes with the HTML before React loaded.

%s%s https://react.dev/link/hydration-mismatch 

  ...
    <RenderFromTemplateContext>
      <ScrollAndFocusHandler segmentPath={[...]}>
        <InnerScrollAndFocusHandler segmentPath={[...]} focusAndScrollRef={{apply:false, ...}}>
          <ErrorBoundary errorComponent={undefined} errorStyles={undefined} errorScripts={undefined}>
            <LoadingBoundary loading={null}>
              <HTTPAccessFallbackBoundary notFound={undefined} forbidden={undefined} unauthorized={undefined}>
                <RedirectBoundary>
                  <RedirectErrorBoundary router={{...}}>
                    <InnerLayoutRouter url="/animations" tree={[...]} cacheNode={{lazyData:null, ...}} ...>
                      <SegmentViewNode type="page" pagePath="/Documents...">
                        <SegmentTrieNode>
                        <ClientPageRoot Component={function AnimationPage} searchParams={{}} params={{}}>
                          <AnimationPage params={Promise} searchParams={Promise}>
                            <main
                              data-orchids-id="src/app/animations/page.tsx:57:8"
                              data-orchids-name="main"
                              className="relative h-screen w-full flex flex-col items-center justify-center overflow-h..."
-                             data-orchid-ref="ref-mlhotnppr8"
                            >
                              <div
                                data-orchids-id="src/app/animations/page.tsx:59:12"
                                data-orchids-name="div"
                                className="absolute inset-0 opacity-[0.03]"
                                style={{backgroundImage:"radial-gra...",backgroundSize:"32px 32px"}}
-                               data-orchid-ref="ref-1o18eh8oxc"
                              >
                              <div
                                data-orchids-id="src/app/animations/page.tsx:65:12"
                                data-orchids-name="div"
                                className="fixed top-0 left-0 right-0 z-[200] px-6 py-4 flex items-center justify-between"
-                               data-orchid-ref="ref-i27j7g1tut"
                              >
                                <LinkComponent data-orchids-id="src/app/an..." data-orchids-name="Link" href="/" ...>
                                  <a
                                    data-orchids-id="src/app/animations/page.tsx:66:16"
                                    data-orchids-name="Link"
                                    className="flex items-center gap-2 text-slate-400 hover:text-slate-700 transition-..."
                                    ref={function}
                                    onClick={function onClick}
                                    onMouseEnter={function onMouseEnter}
                                    onTouchStart={function onTouchStart}
                                    href="/"
-                                   data-orchid-ref="ref-qt3ugfr8h7"
                                  >
                                    <ArrowLeft data-orchids-id="src/app/an..." data-orchids-name="ArrowLeft" size={13}>
                                      <svg
                                        ref={null}
                                        xmlns="http://www.w3.org/2000/svg"
                  ... [truncated]
2026-02-07T16:22:30.837Z [console][error] A tree hydrated but some attributes of the server rendered HTML didn't match the client properties. This won't be patched up. This can happen if a SSR-ed Client Component used:

- A server/client branch `if (typeof window !== 'undefined')`.
- Variable input such as `Date.now()` or `Math.random()` which changes each time it's called.
- Date formatting in a user's locale which doesn't match the server.
- External changing data without sending a snapshot of it along with the HTML.
- Invalid HTML tag nesting.

It can also happen if the client has a browser extension installed which messes with the HTML before React loaded.

%s%s https://react.dev/link/hydration-mismatch 

  ...
    <HotReload assetPrefix="" globalError={[...]}>
      <AppDevOverlayErrorBoundary globalError={[...]}>
        <ReplaySsrOnlyErrors>
        <DevRootHTTPAccessFallbackBoundary>
          <HTTPAccessFallbackBoundary notFound={<NotAllowedRootHTTPFallbackError>}>
            <HTTPAccessFallbackErrorBoundary pathname="/animations" notFound={<NotAllowedRootHTTPFallbackError>} ...>
              <RedirectBoundary>
                <RedirectErrorBoundary router={{...}}>
                  <Head>
                  <__next_root_layout_boundary__>
                    <SegmentViewNode type="layout" pagePath="/Documents...">
                      <SegmentTrieNode>
                      <link>
                      <script>
                      <script>
                      <RootLayout>
                        <html data-orchids-id="src/app/la..." data-orchids-name="html" lang="en" ...>
                          <body
                            data-orchids-id="src/app/layout.tsx:33:6"
                            data-orchids-name="body"
                            className="geist_a71539c9-module__T19VSG__variable geist_mono_8d43a2aa-module__8Li5zG__var..."
-                           data-orchid-ref="ref-t6j2skxx1d"
                          >
                            ...
                              <SegmentViewNode type="page" pagePath="/Documents...">
                                <SegmentTrieNode>
                                <ClientPageRoot Component={function AnimationPage} searchParams={{}} params={{}}>
                                  <AnimationPage params={Promise} searchParams={Promise}>
                                    <main
                                      data-orchids-id="src/app/animations/page.tsx:49:8"
                                      data-orchids-name="main"
                                      className="relative h-screen w-full flex flex-col items-center justify-center ov..."
-                                     data-orchid-ref="ref-r7hkeujv3f"
                                    >
                                      <div
                                        data-orchids-id="src/app/animations/page.tsx:51:12"
                                        data-orchids-name="div"
                                        className="absolute inset-0 opacity-[0.03]"
                                        style={{backgroundImage:"radial-gra...",backgroundSize:"32px 32px"}}
-                                       data-orchid-ref="ref-9uulrnka29"
                                      >
                                      <div
                                        data-orchids-id="src/app/animations/page.tsx:57:12"
                                        data-orchids-name="div"
                                        className="fixed top-0 left-0 right-0 z-[200] px-6 py-4 flex items-center just..."
-                                       data-orchid-ref="ref-0rnzh8n5ox"
                                      >
                                        <LinkComponent data-orchids-id="src/app/an..." data-orchids-name="Link" href="/" ...>
                                          <a
                                            data-orchids-id="src/app/animations/page.tsx:58:16"
                                            data-orchids... [truncated]
2026-02-07T16:26:21.464Z [console][error] A tree hydrated but some attributes of the server rendered HTML didn't match the client properties. This won't be patched up. This can happen if a SSR-ed Client Component used:

- A server/client branch `if (typeof window !== 'undefined')`.
- Variable input such as `Date.now()` or `Math.random()` which changes each time it's called.
- Date formatting in a user's locale which doesn't match the server.
- External changing data without sending a snapshot of it along with the HTML.
- Invalid HTML tag nesting.

It can also happen if the client has a browser extension installed which messes with the HTML before React loaded.

%s%s https://react.dev/link/hydration-mismatch 

  ...
    <HotReload assetPrefix="" globalError={[...]}>
      <AppDevOverlayErrorBoundary globalError={[...]}>
        <ReplaySsrOnlyErrors>
        <DevRootHTTPAccessFallbackBoundary>
          <HTTPAccessFallbackBoundary notFound={<NotAllowedRootHTTPFallbackError>}>
            <HTTPAccessFallbackErrorBoundary pathname="/animations" notFound={<NotAllowedRootHTTPFallbackError>} ...>
              <RedirectBoundary>
                <RedirectErrorBoundary router={{...}}>
                  <Head>
                  <__next_root_layout_boundary__>
                    <SegmentViewNode type="layout" pagePath="/Documents...">
                      <SegmentTrieNode>
                      <link>
                      <script>
                      <script>
                      <RootLayout>
                        <html data-orchids-id="src/app/la..." data-orchids-name="html" lang="en" ...>
                          <body
                            data-orchids-id="src/app/layout.tsx:33:6"
                            data-orchids-name="body"
                            className="geist_a71539c9-module__T19VSG__variable geist_mono_8d43a2aa-module__8Li5zG__var..."
-                           data-orchid-ref="ref-iexl25834i"
                          >
                            ...
                              <SegmentViewNode type="page" pagePath="/Documents...">
                                <SegmentTrieNode>
                                <ClientPageRoot Component={function AnimationPage} searchParams={{}} params={{}}>
                                  <AnimationPage params={Promise} searchParams={Promise}>
                                    <main
                                      data-orchids-id="src/app/animations/page.tsx:49:8"
                                      data-orchids-name="main"
                                      className="relative h-screen w-full flex flex-col items-center justify-center ov..."
-                                     data-orchid-ref="ref-k6lw4yhbyj"
                                    >
                                      <div
                                        data-orchids-id="src/app/animations/page.tsx:51:12"
                                        data-orchids-name="div"
                                        className="absolute inset-0 opacity-[0.03]"
                                        style={{backgroundImage:"radial-gra...",backgroundSize:"32px 32px"}}
-                                       data-orchid-ref="ref-3kv6u00yi7"
                                      >
                                      <div
                                        data-orchids-id="src/app/animations/page.tsx:57:12"
                                        data-orchids-name="div"
                                        className="fixed top-0 left-0 right-0 z-[200] px-6 py-4 flex items-center just..."
-                                       data-orchid-ref="ref-042yxa69mf"
                                      >
                                        <LinkComponent data-orchids-id="src/app/an..." data-orchids-name="Link" href="/" ...>
                                          <a
                                            data-orchids-id="src/app/animations/page.tsx:58:16"
                                            data-orchids... [truncated]
2026-02-07T16:29:22.077Z [console][error] A tree hydrated but some attributes of the server rendered HTML didn't match the client properties. This won't be patched up. This can happen if a SSR-ed Client Component used:

- A server/client branch `if (typeof window !== 'undefined')`.
- Variable input such as `Date.now()` or `Math.random()` which changes each time it's called.
- Date formatting in a user's locale which doesn't match the server.
- External changing data without sending a snapshot of it along with the HTML.
- Invalid HTML tag nesting.

It can also happen if the client has a browser extension installed which messes with the HTML before React loaded.

%s%s https://react.dev/link/hydration-mismatch 

  ...
    <HotReload assetPrefix="" globalError={[...]}>
      <AppDevOverlayErrorBoundary globalError={[...]}>
        <ReplaySsrOnlyErrors>
        <DevRootHTTPAccessFallbackBoundary>
          <HTTPAccessFallbackBoundary notFound={<NotAllowedRootHTTPFallbackError>}>
            <HTTPAccessFallbackErrorBoundary pathname="/animations" notFound={<NotAllowedRootHTTPFallbackError>} ...>
              <RedirectBoundary>
                <RedirectErrorBoundary router={{...}}>
                  <Head>
                  <__next_root_layout_boundary__>
                    <SegmentViewNode type="layout" pagePath="/Documents...">
                      <SegmentTrieNode>
                      <link>
                      <script>
                      <script>
                      <RootLayout>
                        <html data-orchids-id="src/app/la..." data-orchids-name="html" lang="en" ...>
                          <body
                            data-orchids-id="src/app/layout.tsx:33:6"
                            data-orchids-name="body"
                            className="geist_a71539c9-module__T19VSG__variable geist_mono_8d43a2aa-module__8Li5zG__var..."
-                           data-orchid-ref="ref-q8ax3irt4b"
                          >
                            ...
                              <SegmentViewNode type="page" pagePath="/Documents...">
                                <SegmentTrieNode>
                                <ClientPageRoot Component={function AnimationPage} searchParams={{}} params={{}}>
                                  <AnimationPage params={Promise} searchParams={Promise}>
                                    <main
                                      data-orchids-id="src/app/animations/page.tsx:49:8"
                                      data-orchids-name="main"
                                      className="relative h-screen w-full flex flex-col items-center justify-center ov..."
-                                     data-orchid-ref="ref-ua28y8qkls"
                                    >
                                      <div
                                        data-orchids-id="src/app/animations/page.tsx:51:12"
                                        data-orchids-name="div"
                                        className="absolute inset-0 opacity-[0.03]"
                                        style={{backgroundImage:"radial-gra...",backgroundSize:"32px 32px"}}
-                                       data-orchid-ref="ref-yqvusy4m4x"
                                      >
                                      <div
                                        data-orchids-id="src/app/animations/page.tsx:57:12"
                                        data-orchids-name="div"
                                        className="fixed top-0 left-0 right-0 z-[200] px-6 py-4 flex items-center just..."
-                                       data-orchid-ref="ref-03r1ogl8fz"
                                      >
                                        <LinkComponent data-orchids-id="src/app/an..." data-orchids-name="Link" href="/" ...>
                                          <a
                                            data-orchids-id="src/app/animations/page.tsx:58:16"
                                            data-orchids... [truncated]
2026-02-07T16:30:23.505Z [console][error] A tree hydrated but some attributes of the server rendered HTML didn't match the client properties. This won't be patched up. This can happen if a SSR-ed Client Component used:

- A server/client branch `if (typeof window !== 'undefined')`.
- Variable input such as `Date.now()` or `Math.random()` which changes each time it's called.
- Date formatting in a user's locale which doesn't match the server.
- External changing data without sending a snapshot of it along with the HTML.
- Invalid HTML tag nesting.

It can also happen if the client has a browser extension installed which messes with the HTML before React loaded.

%s%s https://react.dev/link/hydration-mismatch 

  ...
    <HotReload assetPrefix="" globalError={[...]}>
      <AppDevOverlayErrorBoundary globalError={[...]}>
        <ReplaySsrOnlyErrors>
        <DevRootHTTPAccessFallbackBoundary>
          <HTTPAccessFallbackBoundary notFound={<NotAllowedRootHTTPFallbackError>}>
            <HTTPAccessFallbackErrorBoundary pathname="/animations" notFound={<NotAllowedRootHTTPFallbackError>} ...>
              <RedirectBoundary>
                <RedirectErrorBoundary router={{...}}>
                  <Head>
                  <__next_root_layout_boundary__>
                    <SegmentViewNode type="layout" pagePath="/Documents...">
                      <SegmentTrieNode>
                      <link>
                      <script>
                      <script>
                      <RootLayout>
                        <html data-orchids-id="src/app/la..." data-orchids-name="html" lang="en" ...>
                          <body
                            data-orchids-id="src/app/layout.tsx:33:6"
                            data-orchids-name="body"
                            className="geist_a71539c9-module__T19VSG__variable geist_mono_8d43a2aa-module__8Li5zG__var..."
-                           data-orchid-ref="ref-1zx55je4fp"
                          >
                            ...
                              <SegmentViewNode type="page" pagePath="/Documents...">
                                <SegmentTrieNode>
                                <ClientPageRoot Component={function AnimationPage} searchParams={{}} params={{}}>
                                  <AnimationPage params={Promise} searchParams={Promise}>
                                    <main
                                      data-orchids-id="src/app/animations/page.tsx:49:8"
                                      data-orchids-name="main"
                                      className="relative h-screen w-full flex flex-col items-center justify-center ov..."
-                                     data-orchid-ref="ref-trx9c7knnh"
                                    >
                                      <div
                                        data-orchids-id="src/app/animations/page.tsx:51:12"
                                        data-orchids-name="div"
                                        className="absolute inset-0 opacity-[0.03]"
                                        style={{backgroundImage:"radial-gra...",backgroundSize:"32px 32px"}}
-                                       data-orchid-ref="ref-0mhhzbkfy4"
                                      >
                                      <div
                                        data-orchids-id="src/app/animations/page.tsx:57:12"
                                        data-orchids-name="div"
                                        className="fixed top-0 left-0 right-0 z-[200] px-6 py-4 flex items-center just..."
-                                       data-orchid-ref="ref-lcnq11pa08"
                                      >
                                        <LinkComponent data-orchids-id="src/app/an..." data-orchids-name="Link" href="/" ...>
                                          <a
                                            data-orchids-id="src/app/animations/page.tsx:58:16"
                                            data-orchids... [truncated]
2026-02-07T16:40:45.987Z [console][error] A tree hydrated but some attributes of the server rendered HTML didn't match the client properties. This won't be patched up. This can happen if a SSR-ed Client Component used:

- A server/client branch `if (typeof window !== 'undefined')`.
- Variable input such as `Date.now()` or `Math.random()` which changes each time it's called.
- Date formatting in a user's locale which doesn't match the server.
- External changing data without sending a snapshot of it along with the HTML.
- Invalid HTML tag nesting.

It can also happen if the client has a browser extension installed which messes with the HTML before React loaded.

%s%s https://react.dev/link/hydration-mismatch 

  ...
    <RenderFromTemplateContext>
      <ScrollAndFocusHandler segmentPath={[...]}>
        <InnerScrollAndFocusHandler segmentPath={[...]} focusAndScrollRef={{apply:false, ...}}>
          <ErrorBoundary errorComponent={undefined} errorStyles={undefined} errorScripts={undefined}>
            <LoadingBoundary loading={null}>
              <HTTPAccessFallbackBoundary notFound={undefined} forbidden={undefined} unauthorized={undefined}>
                <RedirectBoundary>
                  <RedirectErrorBoundary router={{...}}>
                    <InnerLayoutRouter url="/animations" tree={[...]} cacheNode={{lazyData:null, ...}} ...>
                      <SegmentViewNode type="page" pagePath="/Documents...">
                        <SegmentTrieNode>
                        <ClientPageRoot Component={function AnimationPage} searchParams={{}} params={{}}>
                          <AnimationPage params={Promise} searchParams={Promise}>
                            <main
                              data-orchids-id="src/app/animations/page.tsx:57:8"
                              data-orchids-name="main"
                              className="relative h-screen w-full flex flex-col items-center justify-center overflow-h..."
-                             data-orchid-ref="ref-mlhotnppr8"
                            >
                              <div
                                data-orchids-id="src/app/animations/page.tsx:59:12"
                                data-orchids-name="div"
                                className="absolute inset-0 opacity-[0.03]"
                                style={{backgroundImage:"radial-gra...",backgroundSize:"32px 32px"}}
-                               data-orchid-ref="ref-1o18eh8oxc"
                              >
                              <div
                                data-orchids-id="src/app/animations/page.tsx:65:12"
                                data-orchids-name="div"
                                className="fixed top-0 left-0 right-0 z-[200] px-6 py-4 flex items-center justify-between"
-                               data-orchid-ref="ref-i27j7g1tut"
                              >
                                <LinkComponent data-orchids-id="src/app/an..." data-orchids-name="Link" href="/" ...>
                                  <a
                                    data-orchids-id="src/app/animations/page.tsx:66:16"
                                    data-orchids-name="Link"
                                    className="flex items-center gap-2 text-slate-400 hover:text-slate-700 transition-..."
                                    ref={function}
                                    onClick={function onClick}
                                    onMouseEnter={function onMouseEnter}
                                    onTouchStart={function onTouchStart}
                                    href="/"
-                                   data-orchid-ref="ref-qt3ugfr8h7"
                                  >
                                    <ArrowLeft data-orchids-id="src/app/an..." data-orchids-name="ArrowLeft" size={13}>
                                      <svg
                                        ref={null}
                                        xmlns="http://www.w3.org/2000/svg"
                  ... [truncated]
2026-02-07T16:51:47.560Z [console][error] A tree hydrated but some attributes of the server rendered HTML didn't match the client properties. This won't be patched up. This can happen if a SSR-ed Client Component used:

- A server/client branch `if (typeof window !== 'undefined')`.
- Variable input such as `Date.now()` or `Math.random()` which changes each time it's called.
- Date formatting in a user's locale which doesn't match the server.
- External changing data without sending a snapshot of it along with the HTML.
- Invalid HTML tag nesting.

It can also happen if the client has a browser extension installed which messes with the HTML before React loaded.

%s%s https://react.dev/link/hydration-mismatch 

  ...
    <HotReload assetPrefix="" globalError={[...]}>
      <AppDevOverlayErrorBoundary globalError={[...]}>
        <ReplaySsrOnlyErrors>
        <DevRootHTTPAccessFallbackBoundary>
          <HTTPAccessFallbackBoundary notFound={<NotAllowedRootHTTPFallbackError>}>
            <HTTPAccessFallbackErrorBoundary pathname="/animations" notFound={<NotAllowedRootHTTPFallbackError>} ...>
              <RedirectBoundary>
                <RedirectErrorBoundary router={{...}}>
                  <Head>
                  <__next_root_layout_boundary__>
                    <SegmentViewNode type="layout" pagePath="/Documents...">
                      <SegmentTrieNode>
                      <link>
                      <script>
                      <script>
                      <RootLayout>
                        <html data-orchids-id="src/app/la..." data-orchids-name="html" lang="en" ...>
                          <body
                            data-orchids-id="src/app/layout.tsx:33:6"
                            data-orchids-name="body"
                            className="geist_a71539c9-module__T19VSG__variable geist_mono_8d43a2aa-module__8Li5zG__var..."
-                           data-orchid-ref="ref-g1epmg8emx"
                          >
                            ...
                              <SegmentViewNode type="page" pagePath="/Documents...">
                                <SegmentTrieNode>
                                <ClientPageRoot Component={function AnimationPage} searchParams={{}} params={{}}>
                                  <AnimationPage params={Promise} searchParams={Promise}>
                                    <main
                                      data-orchids-id="src/app/animations/page.tsx:57:8"
                                      data-orchids-name="main"
                                      className="relative h-screen w-full flex flex-col items-center justify-center ov..."
-                                     data-orchid-ref="ref-2kxh1yc4g9"
                                    >
                                      <div
                                        data-orchids-id="src/app/animations/page.tsx:59:12"
                                        data-orchids-name="div"
                                        className="absolute inset-0 opacity-[0.03]"
                                        style={{backgroundImage:"radial-gra...",backgroundSize:"32px 32px"}}
-                                       data-orchid-ref="ref-ovbla3jhn6"
                                      >
                                      <div
                                        data-orchids-id="src/app/animations/page.tsx:65:12"
                                        data-orchids-name="div"
                                        className="fixed top-0 left-0 right-0 z-[200] px-6 py-4 flex items-center just..."
-                                       data-orchid-ref="ref-7jx9h0x146"
                                      >
                                        <LinkComponent data-orchids-id="src/app/an..." data-orchids-name="Link" href="/" ...>
                                          <a
                                            data-orchids-id="src/app/animations/page.tsx:66:16"
                                            data-orchids... [truncated]
2026-02-07T16:51:47.559Z [console][error] A tree hydrated but some attributes of the server rendered HTML didn't match the client properties. This won't be patched up. This can happen if a SSR-ed Client Component used:

- A server/client branch `if (typeof window !== 'undefined')`.
- Variable input such as `Date.now()` or `Math.random()` which changes each time it's called.
- Date formatting in a user's locale which doesn't match the server.
- External changing data without sending a snapshot of it along with the HTML.
- Invalid HTML tag nesting.

It can also happen if the client has a browser extension installed which messes with the HTML before React loaded.

%s%s https://react.dev/link/hydration-mismatch 

  ...
    <HotReload assetPrefix="" globalError={[...]}>
      <AppDevOverlayErrorBoundary globalError={[...]}>
        <ReplaySsrOnlyErrors>
        <DevRootHTTPAccessFallbackBoundary>
          <HTTPAccessFallbackBoundary notFound={<NotAllowedRootHTTPFallbackError>}>
            <HTTPAccessFallbackErrorBoundary pathname="/animations" notFound={<NotAllowedRootHTTPFallbackError>} ...>
              <RedirectBoundary>
                <RedirectErrorBoundary router={{...}}>
                  <Head>
                  <__next_root_layout_boundary__>
                    <SegmentViewNode type="layout" pagePath="/Documents...">
                      <SegmentTrieNode>
                      <link>
                      <script>
                      <script>
                      <RootLayout>
                        <html data-orchids-id="src/app/la..." data-orchids-name="html" lang="en" ...>
                          <body
                            data-orchids-id="src/app/layout.tsx:33:6"
                            data-orchids-name="body"
                            className="geist_a71539c9-module__T19VSG__variable geist_mono_8d43a2aa-module__8Li5zG__var..."
-                           data-orchid-ref="ref-g1epmg8emx"
                          >
                            ...
                            ...
2026-02-07T16:53:16.234Z [console][error] A tree hydrated but some attributes of the server rendered HTML didn't match the client properties. This won't be patched up. This can happen if a SSR-ed Client Component used:

- A server/client branch `if (typeof window !== 'undefined')`.
- Variable input such as `Date.now()` or `Math.random()` which changes each time it's called.
- Date formatting in a user's locale which doesn't match the server.
- External changing data without sending a snapshot of it along with the HTML.
- Invalid HTML tag nesting.

It can also happen if the client has a browser extension installed which messes with the HTML before React loaded.

%s%s https://react.dev/link/hydration-mismatch 

  ...
    <HotReload assetPrefix="" globalError={[...]}>
      <AppDevOverlayErrorBoundary globalError={[...]}>
        <ReplaySsrOnlyErrors>
        <DevRootHTTPAccessFallbackBoundary>
          <HTTPAccessFallbackBoundary notFound={<NotAllowedRootHTTPFallbackError>}>
            <HTTPAccessFallbackErrorBoundary pathname="/animations" notFound={<NotAllowedRootHTTPFallbackError>} ...>
              <RedirectBoundary>
                <RedirectErrorBoundary router={{...}}>
                  <Head headCacheNode={{lazyData:null, ...}}>
                    <__next_viewport_boundary__>
                    <meta>
                    <MetadataTree>
                      <__next_metadata_boundary__>
                        <__next_metadata_boundary__>
                          <div
                            hidden={true}
-                           data-orchid-ref="ref-0ghtxzpa6k"
                          >
                  <__next_root_layout_boundary__>
                    <SegmentViewNode type="layout" pagePath="/Documents...">
                      <SegmentTrieNode>
                      <link>
                      <script>
                      <script>
                      <RootLayout>
                        <html data-orchids-id="src/app/la..." data-orchids-name="html" lang="en" ...>
                          <body
                            data-orchids-id="src/app/layout.tsx:33:6"
                            data-orchids-name="body"
                            className="geist_a71539c9-module__T19VSG__variable geist_mono_8d43a2aa-module__8Li5zG__var..."
-                           data-orchid-ref="ref-rvudqx2og4"
                          >
                            ...
                              <SegmentViewNode type="page" pagePath="/Documents...">
                                <SegmentTrieNode>
                                <ClientPageRoot Component={function AnimationPage} searchParams={{}} params={{}}>
                                  <AnimationPage params={Promise} searchParams={Promise}>
                                    <main
                                      data-orchids-id="src/app/animations/page.tsx:57:8"
                                      data-orchids-name="main"
                                      className="relative h-screen w-full flex flex-col items-center justify-center ov..."
-                                     data-orchid-ref="ref-6wxur0owdy"
                                    >
                                      <div
                                        data-orchids-id="src/app/animations/page.tsx:59:12"
                                        data-orchids-name="div"
                                        className="absolute inset-0 opacity-[0.03]"
                                        style={{backgroundImage:"radial-gra...",backgroundSize:"32px 32px"}}
-                                       data-orchid-ref="ref-2396zl2ixb"
                                      >
                                      <div
                                        data-orchids-id="src/app/animations/page.tsx:65:12"
                                        data-orchids-name="div"
                                        className="fixed top-0 left-0 right-0 z-[200] px-6 py-4 flex items-center just..."
-                     ... [truncated]
2026-02-07T16:53:16.233Z [console][error] A tree hydrated but some attributes of the server rendered HTML didn't match the client properties. This won't be patched up. This can happen if a SSR-ed Client Component used:

- A server/client branch `if (typeof window !== 'undefined')`.
- Variable input such as `Date.now()` or `Math.random()` which changes each time it's called.
- Date formatting in a user's locale which doesn't match the server.
- External changing data without sending a snapshot of it along with the HTML.
- Invalid HTML tag nesting.

It can also happen if the client has a browser extension installed which messes with the HTML before React loaded.

%s%s https://react.dev/link/hydration-mismatch 

  ...
    <HotReload assetPrefix="" globalError={[...]}>
      <AppDevOverlayErrorBoundary globalError={[...]}>
        <ReplaySsrOnlyErrors>
        <DevRootHTTPAccessFallbackBoundary>
          <HTTPAccessFallbackBoundary notFound={<NotAllowedRootHTTPFallbackError>}>
            <HTTPAccessFallbackErrorBoundary pathname="/animations" notFound={<NotAllowedRootHTTPFallbackError>} ...>
              <RedirectBoundary>
                <RedirectErrorBoundary router={{...}}>
                  <Head headCacheNode={{lazyData:null, ...}}>
                    <__next_viewport_boundary__>
                    <meta>
                    <MetadataTree>
                      <__next_metadata_boundary__>
                        <__next_metadata_boundary__>
                          <div
                            hidden={true}
-                           data-orchid-ref="ref-0ghtxzpa6k"
                          >
                  <__next_root_layout_boundary__>
                    <SegmentViewNode type="layout" pagePath="/Documents...">
                      <SegmentTrieNode>
                      <link>
                      <script>
                      <script>
                      <RootLayout>
                        <html data-orchids-id="src/app/la..." data-orchids-name="html" lang="en" ...>
             ...
2026-02-07T16:55:08.130Z [console][error] A tree hydrated but some attributes of the server rendered HTML didn't match the client properties. This won't be patched up. This can happen if a SSR-ed Client Component used:

- A server/client branch `if (typeof window !== 'undefined')`.
- Variable input such as `Date.now()` or `Math.random()` which changes each time it's called.
- Date formatting in a user's locale which doesn't match the server.
- External changing data without sending a snapshot of it along with the HTML.
- Invalid HTML tag nesting.

It can also happen if the client has a browser extension installed which messes with the HTML before React loaded.

%s%s https://react.dev/link/hydration-mismatch 

  ...
    <RenderFromTemplateContext>
      <ScrollAndFocusHandler segmentPath={[...]}>
        <InnerScrollAndFocusHandler segmentPath={[...]} focusAndScrollRef={{apply:false, ...}}>
          <ErrorBoundary errorComponent={undefined} errorStyles={undefined} errorScripts={undefined}>
            <LoadingBoundary loading={null}>
              <HTTPAccessFallbackBoundary notFound={undefined} forbidden={undefined} unauthorized={undefined}>
                <RedirectBoundary>
                  <RedirectErrorBoundary router={{...}}>
                    <InnerLayoutRouter url="/animations" tree={[...]} cacheNode={{lazyData:null, ...}} ...>
                      <SegmentViewNode type="page" pagePath="/Documents...">
                        <SegmentTrieNode>
                        <ClientPageRoot Component={function AnimationPage} searchParams={{}} params={{}}>
                          <AnimationPage params={Promise} searchParams={Promise}>
                            <main
                              data-orchids-id="src/app/animations/page.tsx:57:8"
                              data-orchids-name="main"
                              className="relative h-screen w-full flex flex-col items-center justify-center overflow-h..."
-                             data-orchid-ref="ref-03yqsakss5"
                            >
                              <div
                                data-orchids-id="src/app/animations/page.tsx:59:12"
                                data-orchids-name="div"
                                className="absolute inset-0 opacity-[0.03]"
                                style={{backgroundImage:"radial-gra...",backgroundSize:"32px 32px"}}
-                               data-orchid-ref="ref-lc5ggh12f2"
                              >
                              <div
                                data-orchids-id="src/app/animations/page.tsx:65:12"
                                data-orchids-name="div"
                                className="fixed top-0 left-0 right-0 z-[200] px-6 py-4 flex items-center justify-between"
-                               data-orchid-ref="ref-ggaxypfksv"
                              >
                                <LinkComponent data-orchids-id="src/app/an..." data-orchids-name="Link" href="/" ...>
                                  <a
                                    data-orchids-id="src/app/animations/page.tsx:66:16"
                                    data-orchids-name="Link"
                                    className="flex items-center gap-2 text-slate-400 hover:text-slate-700 transition-..."
                                    ref={function}
                                    onClick={function onClick}
                                    onMouseEnter={function onMouseEnter}
                                    onTouchStart={function onTouchStart}
                                    href="/"
-                                   data-orchid-ref="ref-g3aqv0i2k6"
                                  >
                                    <ArrowLeft data-orchids-id="src/app/an..." data-orchids-name="ArrowLeft" size={13}>
                                      <svg
                                        ref={null}
                                        xmlns="http://www.w3.org/2000/svg"
                  ... [truncated]
2026-02-07T16:55:08.128Z [console][error] A tree hydrated but some attributes of the server rendered HTML didn't match the client properties. This won't be patched up. This can happen if a SSR-ed Client Component used:

- A server/client branch `if (typeof window !== 'undefined')`.
- Variable input such as `Date.now()` or `Math.random()` which changes each time it's called.
- Date formatting in a user's locale which doesn't match the server.
- External changing data without sending a snapshot of it along with the HTML.
- Invalid HTML tag nesting.

It can also happen if the client has a browser extension installed which messes with the HTML before React loaded.

%s%s https://react.dev/link/hydration-mismatch 

  ...
    <RenderFromTemplateContext>
      <ScrollAndFocusHandler segmentPath={[...]}>
        <InnerScrollAndFocusHandler segmentPath={[...]} focusAndScrollRef={{apply:false, ...}}>
          <ErrorBoundary errorComponent={undefined} errorStyles={undefined} errorScripts={undefined}>
            <LoadingBoundary loading={null}>
              <HTTPAccessFallbackBoundary notFound={undefined} forbidden={undefined} unauthorized={undefined}>
                <RedirectBoundary>
                  <RedirectErrorBoundary router={{...}}>
                    <InnerLayoutRouter url="/animations" tree={[...]} cacheNode={{lazyData:null, ...}} ...>
                      <SegmentViewNode type="page" pagePath="/Documents...">
                        <SegmentTrieNode>
                        <ClientPageRoot Component={function AnimationPage} searchParams={{}} params={{}}>
                          <AnimationPage params={Promise} searchParams={Promise}>
                            <main
                              data-orchids-id="src/app/animations/page.tsx:57:8"
                              data-orchids-name="main"
                              className="relative h-screen w-full flex flex-col items-center justify-center overflow-h..."
-                             data-orchid-ref="ref-03yqsakss5"
                  ...
2026-02-07T16:55:08.130Z [console][error] A tree hydrated but some attributes of the server rendered HTML didn't match the client properties. This won't be patched up. This can happen if a SSR-ed Client Component used:

- A server/client branch `if (typeof window !== 'undefined')`.
- Variable input such as `Date.now()` or `Math.random()` which changes each time it's called.
- Date formatting in a user's locale which doesn't match the server.
- External changing data without sending a snapshot of it along with the HTML.
- Invalid HTML tag nesting.

It can also happen if the client has a browser extension installed which messes with the HTML before React loaded.

%s%s https://react.dev/link/hydration-mismatch 

  ...
    <RenderFromTemplateContext>
      <ScrollAndFocusHandler segmentPath={[...]}>
        <InnerScrollAndFocusHandler segmentPath={[...]} focusAndScrollRef={{apply:false, ...}}>
          <ErrorBoundary errorComponent={undefined} errorStyles={undefined} errorScripts={undefined}>
            <LoadingBoundary loading={null}>
              <HTTPAccessFallbackBoundary notFound={undefined} forbidden={undefined} unauthorized={undefined}>
                <RedirectBoundary>
                  <RedirectErrorBoundary router={{...}}>
                    <InnerLayoutRouter url="/animations" tree={[...]} cacheNode={{lazyData:null, ...}} ...>
                      <SegmentViewNode type="page" pagePath="/Documents...">
                        <SegmentTrieNode>
                        <ClientPageRoot Component={function AnimationPage} searchParams={{}} params={{}}>
                          <AnimationPage params={Promise} searchParams={Promise}>
                            <main
                              data-orchids-id="src/app/animations/page.tsx:57:8"
                              data-orchids-name="main"
                              className="relative h-screen w-full flex flex-col items-center justify-center overflow-h..."
-                             data-orchid-ref="ref-03yqsakss5"
                            >
                              <div
                                data-orchids-id="src/app/animations/page.tsx:59:12"
                                data-orchids-name="div"
                                className="absolute inset-0 opacity-[0.03]"
                                style={{backgroundImage:"radial-gra...",backgroundSize:"32px 32px"}}
-                               data-orchid-ref="ref-lc5ggh12f2"
                              >
                              <div
                                data-orchids-id="src/app/animations/page.tsx:65:12"
                                data-orchids-name="div"
                                className="fixed top-0 left-0 right-0 z-[200] px-6 py-4 flex items-center justify-between"
-                               data-orchid-ref="ref-ggaxypfksv"
                              >
                                <LinkComponent data-orchids-id="src/app/an..." data-orchids-name="Link" href="/" ...>
                                  <a
                                    data-orchids-id="src/app/animations/page.tsx:66:16"
                                    data-orchids-name="Link"
                                    className="flex items-center gap-2 text-slate-400 hover:text-slate-700 transition-..."
                                    ref={function}
                                    onClick={function onClick}
                                    onMouseEnter={function onMouseEnter}
                                    onTouchStart={function onTouchStart}
                                    href="/"
-                                   data-orchid-ref="ref-g3aqv0i2k6"
                                  >
                                    <ArrowLeft data-orchids-id="src/app/an..." data-orchids-name="ArrowLeft" size={13}>
                                      <svg
                                        ref={null}
                                        xmlns="http://www.w3.org/2000/svg"
                  ... [truncated]
2026-02-07T16:55:58.977Z [console][error] A tree hydrated but some attributes of the server rendered HTML didn't match the client properties. This won't be patched up. This can happen if a SSR-ed Client Component used:

- A server/client branch `if (typeof window !== 'undefined')`.
- Variable input such as `Date.now()` or `Math.random()` which changes each time it's called.
- Date formatting in a user's locale which doesn't match the server.
- External changing data without sending a snapshot of it along with the HTML.
- Invalid HTML tag nesting.

It can also happen if the client has a browser extension installed which messes with the HTML before React loaded.

%s%s https://react.dev/link/hydration-mismatch 

  ...
    <HotReload assetPrefix="" globalError={[...]}>
      <AppDevOverlayErrorBoundary globalError={[...]}>
        <ReplaySsrOnlyErrors>
        <DevRootHTTPAccessFallbackBoundary>
          <HTTPAccessFallbackBoundary notFound={<NotAllowedRootHTTPFallbackError>}>
            <HTTPAccessFallbackErrorBoundary pathname="/animations" notFound={<NotAllowedRootHTTPFallbackError>} ...>
              <RedirectBoundary>
                <RedirectErrorBoundary router={{...}}>
                  <Head>
                  <__next_root_layout_boundary__>
                    <SegmentViewNode type="layout" pagePath="/Documents...">
                      <SegmentTrieNode>
                      <link>
                      <script>
                      <script>
                      <RootLayout>
                        <html data-orchids-id="src/app/la..." data-orchids-name="html" lang="en" ...>
                          <body
                            data-orchids-id="src/app/layout.tsx:33:6"
                            data-orchids-name="body"
                            className="geist_a71539c9-module__T19VSG__variable geist_mono_8d43a2aa-module__8Li5zG__var..."
-                           data-orchid-ref="ref-zxthp7fi77"
                          >
                            ...
                              <SegmentViewNode type="page" pagePath="/Documents...">
                                <SegmentTrieNode>
                                <ClientPageRoot Component={function AnimationPage} searchParams={{}} params={{}}>
                                  <AnimationPage params={Promise} searchParams={Promise}>
                                    <main
                                      data-orchids-id="src/app/animations/page.tsx:57:8"
                                      data-orchids-name="main"
                                      className="relative h-screen w-full flex flex-col items-center justify-center ov..."
-                                     data-orchid-ref="ref-9al6iyp6hc"
                                    >
                                      <div
                                        data-orchids-id="src/app/animations/page.tsx:59:12"
                                        data-orchids-name="div"
                                        className="absolute inset-0 opacity-[0.03]"
                                        style={{backgroundImage:"radial-gra...",backgroundSize:"32px 32px"}}
-                                       data-orchid-ref="ref-gkgfb3zf4m"
                                      >
                                      <div
                                        data-orchids-id="src/app/animations/page.tsx:65:12"
                                        data-orchids-name="div"
                                        className="fixed top-0 left-0 right-0 z-[200] px-6 py-4 flex items-center just..."
-                                       data-orchid-ref="ref-d3ene6espk"
                                      >
                                        <LinkComponent data-orchids-id="src/app/an..." data-orchids-name="Link" href="/" ...>
                                          <a
                                            data-orchids-id="src/app/animations/page.tsx:66:16"
                                            data-orchids... [truncated]
2026-02-07T16:58:42.243Z [console][error] A tree hydrated but some attributes of the server rendered HTML didn't match the client properties. This won't be patched up. This can happen if a SSR-ed Client Component used:

- A server/client branch `if (typeof window !== 'undefined')`.
- Variable input such as `Date.now()` or `Math.random()` which changes each time it's called.
- Date formatting in a user's locale which doesn't match the server.
- External changing data without sending a snapshot of it along with the HTML.
- Invalid HTML tag nesting.

It can also happen if the client has a browser extension installed which messes with the HTML before React loaded.

%s%s https://react.dev/link/hydration-mismatch 

  ...
    <RenderFromTemplateContext>
      <ScrollAndFocusHandler segmentPath={[...]}>
        <InnerScrollAndFocusHandler segmentPath={[...]} focusAndScrollRef={{apply:false, ...}}>
          <ErrorBoundary errorComponent={undefined} errorStyles={undefined} errorScripts={undefined}>
            <LoadingBoundary loading={null}>
              <HTTPAccessFallbackBoundary notFound={undefined} forbidden={undefined} unauthorized={undefined}>
                <RedirectBoundary>
                  <RedirectErrorBoundary router={{...}}>
                    <InnerLayoutRouter url="/animations" tree={[...]} cacheNode={{lazyData:null, ...}} ...>
                      <SegmentViewNode type="page" pagePath="/Documents...">
                        <SegmentTrieNode>
                        <ClientPageRoot Component={function AnimationPage} searchParams={{}} params={{}}>
                          <AnimationPage params={Promise} searchParams={Promise}>
                            <main
                              data-orchids-id="src/app/animations/page.tsx:57:8"
                              data-orchids-name="main"
                              className="relative h-screen w-full flex flex-col items-center justify-center overflow-h..."
-                             data-orchid-ref="ref-ws7kzb8bcv"
                            >
                              <div
                                data-orchids-id="src/app/animations/page.tsx:59:12"
                                data-orchids-name="div"
                                className="absolute inset-0 opacity-[0.03]"
                                style={{backgroundImage:"radial-gra...",backgroundSize:"32px 32px"}}
-                               data-orchid-ref="ref-7bvlt8rlbr"
                              >
                              <div
                                data-orchids-id="src/app/animations/page.tsx:65:12"
                                data-orchids-name="div"
                                className="fixed top-0 left-0 right-0 z-[200] px-6 py-4 flex items-center justify-between"
-                               data-orchid-ref="ref-n5olgw8xda"
                              >
                                <LinkComponent data-orchids-id="src/app/an..." data-orchids-name="Link" href="/" ...>
                                  <a
                                    data-orchids-id="src/app/animations/page.tsx:66:16"
                                    data-orchids-name="Link"
                                    className="flex items-center gap-2 text-slate-400 hover:text-slate-700 transition-..."
                                    ref={function}
                                    onClick={function onClick}
                                    onMouseEnter={function onMouseEnter}
                                    onTouchStart={function onTouchStart}
                                    href="/"
-                                   data-orchid-ref="ref-84z6pm2t4c"
                                  >
                                    <ArrowLeft data-orchids-id="src/app/an..." data-orchids-name="ArrowLeft" size={13}>
                                      <svg
                                        ref={null}
                                        xmlns="http://www.w3.org/2000/svg"
                  ... [truncated]
2026-02-07T16:58:42.242Z [console][error] A tree hydrated but some attributes of the server rendered HTML didn't match the client properties. This won't be patched up. This can happen if a SSR-ed Client Component used:

- A server/client branch `if (typeof window !== 'undefined')`.
- Variable input such as `Date.now()` or `Math.random()` which changes each time it's called.
- Date formatting in a user's locale which doesn't match the server.
- External changing data without sending a snapshot of it along with the HTML.
- Invalid HTML tag nesting.

It can also happen if the client has a browser extension installed which messes with the HTML before React loaded.

%s%s https://react.dev/link/hydration-mismatch 

  ...
    <RenderFromTemplateContext>
      <ScrollAndFocusHandler segmentPath={[...]}>
        <InnerScrollAndFocusHandler segmentPath={[...]} focusAndScrollRef={{apply:false, ...}}>
          <ErrorBoundary errorComponent={undefined} errorStyles={undefined} errorScripts={undefined}>
            <LoadingBoundary loading={null}>
              <HTTPAccessFallbackBoundary notFound={undefined} forbidden={undefined} unauthorized={undefined}>
                <RedirectBoundary>
                  <RedirectErrorBoundary router={{...}}>
                    <InnerLayoutRouter url="/animations" tree={[...]} cacheNode={{lazyData:null, ...}} ...>
                      <SegmentViewNode type="page" pagePath="/Documents...">
                        <SegmentTrieNode>
                        <ClientPageRoot Component={function AnimationPage} searchParams={{}} params={{}}>
                          <AnimationPage params={Promise} searchParams={Promise}>
                            <main
                              data-orchids-id="src/app/animations/page.tsx:57:8"
                              data-orchids-name="main"
                              className="relative h-screen w-full flex flex-col items-center justify-center overflow-h..."
-                             data-orchid-ref="ref-ws7kzb8bcv"
                  ...
2026-02-07T17:21:50.672Z [console][error] A tree hydrated but some attributes of the server rendered HTML didn't match the client properties. This won't be patched up. This can happen if a SSR-ed Client Component used:

- A server/client branch `if (typeof window !== 'undefined')`.
- Variable input such as `Date.now()` or `Math.random()` which changes each time it's called.
- Date formatting in a user's locale which doesn't match the server.
- External changing data without sending a snapshot of it along with the HTML.
- Invalid HTML tag nesting.

It can also happen if the client has a browser extension installed which messes with the HTML before React loaded.

%s%s https://react.dev/link/hydration-mismatch 

  ...
    <RenderFromTemplateContext>
      <ScrollAndFocusHandler segmentPath={[...]}>
        <InnerScrollAndFocusHandler segmentPath={[...]} focusAndScrollRef={{apply:false, ...}}>
          <ErrorBoundary errorComponent={undefined} errorStyles={undefined} errorScripts={undefined}>
            <LoadingBoundary loading={null}>
              <HTTPAccessFallbackBoundary notFound={undefined} forbidden={undefined} unauthorized={undefined}>
                <RedirectBoundary>
                  <RedirectErrorBoundary router={{...}}>
                    <InnerLayoutRouter url="/animations" tree={[...]} cacheNode={{lazyData:null, ...}} ...>
                      <SegmentViewNode type="page" pagePath="/Documents...">
                        <SegmentTrieNode>
                        <ClientPageRoot Component={function AnimationPage} searchParams={{}} params={{}}>
                          <AnimationPage params={Promise} searchParams={Promise}>
                            <main
                              data-orchids-id="src/app/animations/page.tsx:65:8"
                              data-orchids-name="main"
                              className="relative h-screen w-full flex flex-col items-center justify-center overflow-h..."
-                             data-orchid-ref="ref-nizaf85dsm"
                            >
                              <div
                                data-orchids-id="src/app/animations/page.tsx:67:12"
                                data-orchids-name="div"
                                className="absolute inset-0 opacity-[0.03]"
                                style={{backgroundImage:"radial-gra...",backgroundSize:"32px 32px"}}
-                               data-orchid-ref="ref-7sg2pi7of7"
                              >
                              <div
                                data-orchids-id="src/app/animations/page.tsx:73:12"
                                data-orchids-name="div"
                                className="fixed top-0 left-0 right-0 z-[200] px-6 py-4 flex items-center justify-between"
-                               data-orchid-ref="ref-7j6txzrlxw"
                              >
                                <LinkComponent data-orchids-id="src/app/an..." data-orchids-name="Link" href="/" ...>
                                  <a
                                    data-orchids-id="src/app/animations/page.tsx:74:16"
                                    data-orchids-name="Link"
                                    className="flex items-center gap-2 text-slate-400 hover:text-slate-700 transition-..."
                                    ref={function}
                                    onClick={function onClick}
                                    onMouseEnter={function onMouseEnter}
                                    onTouchStart={function onTouchStart}
                                    href="/"
-                                   data-orchid-ref="ref-ltz9p0up74"
                                  >
                                    <ArrowLeft data-orchids-id="src/app/an..." data-orchids-name="ArrowLeft" size={13}>
                                      <svg
                                        ref={null}
                                        xmlns="http://www.w3.org/2000/svg"
                  ... [truncated]
2026-02-07T17:22:11.654Z [console][error] A tree hydrated but some attributes of the server rendered HTML didn't match the client properties. This won't be patched up. This can happen if a SSR-ed Client Component used:

- A server/client branch `if (typeof window !== 'undefined')`.
- Variable input such as `Date.now()` or `Math.random()` which changes each time it's called.
- Date formatting in a user's locale which doesn't match the server.
- External changing data without sending a snapshot of it along with the HTML.
- Invalid HTML tag nesting.

It can also happen if the client has a browser extension installed which messes with the HTML before React loaded.

%s%s https://react.dev/link/hydration-mismatch 

  ...
    <LoadingBoundary loading={null}>
      <HTTPAccessFallbackBoundary notFound={undefined} forbidden={undefined} unauthorized={undefined}>
        <RedirectBoundary>
          <RedirectErrorBoundary router={{...}}>
            <InnerLayoutRouter url="/animations" tree={[...]} cacheNode={{lazyData:null, ...}} segmentPath={[...]}>
              <SegmentViewNode type="page" pagePath="/Documents...">
                <SegmentTrieNode>
                <ClientPageRoot Component={function AnimationPage} searchParams={{}} params={{}}>
                  <AnimationPage params={Promise} searchParams={Promise}>
                    <main data-orchids-id="src/app/an..." data-orchids-name="main" className="relative h...">
                      <div>
                      <div>
                      <div data-orchids-id="src/app/an..." data-orchids-name="div" className="relative z..." ...>
                        <div>
                        <div data-orchids-id="src/app/an..." data-orchids-name="div" className="flex-1 bor...">
                          <AutomatedBankingDemo data-orchids-id="src/app/an..." data-orchids-name="DemoComponent">
                            <div data-orchids-id="src/compon..." data-orchids-name="div" ref={{current:null}} ...>
                              ...
                                <motion.div data-orchids-id="src/compon..." data-orchids-name="motion.div" ...>
                                  <div
                                    data-orchids-id="src/components/animations/AutomatedBankingDemo.tsx:120:20"
                                    data-orchids-name="motion.div"
                                    className="absolute inset-0"
                                    style={{opacity:0,transform:"scale(0.98)"}}
                                    ref={function useMotionRef.useCallback}
-                                   data-orchid-ref="ref-rq9mkudzv8"
                                  >
                                    <BankingDashboard data-orchids-id="src/compon..." data-orchids-name="BankingDas...">
                                      <div
                                        data-orchids-id="src/components/animations/BankingDashboard.tsx:75:8"
                                        data-orchids-name="div"
                                        className="flex w-full h-full bg-white text-slate-800 overflow-hidden"
                                        style={{fontFamily:"var(--font...",fontSize:"11px"}}
-                                       data-orchid-ref="ref-r5ni5tvz1q"
                                      >
                                        <aside
                                          data-orchids-id="src/components/animations/BankingDashboard.tsx:77:12"
                                          data-orchids-name="aside"
                                          className="w-[140px] border-r border-gray-100/80 p-3 flex flex-col justify-b..."
-                                         data-orchid-ref="ref-htk4btp1px"
                                        >
                                          <div
                                            data-orchids-id="src/components/animations/BankingDashboard.tsx:78:16"
                                            data-orchids-name="div"
-              ... [truncated]
2026-02-07T17:22:12.021Z [console][error] A tree hydrated but some attributes of the server rendered HTML didn't match the client properties. This won't be patched up. This can happen if a SSR-ed Client Component used:

- A server/client branch `if (typeof window !== 'undefined')`.
- Variable input such as `Date.now()` or `Math.random()` which changes each time it's called.
- Date formatting in a user's locale which doesn't match the server.
- External changing data without sending a snapshot of it along with the HTML.
- Invalid HTML tag nesting.

It can also happen if the client has a browser extension installed which messes with the HTML before React loaded.

%s%s https://react.dev/link/hydration-mismatch 

  ...
    <LoadingBoundary loading={null}>
      <HTTPAccessFallbackBoundary notFound={undefined} forbidden={undefined} unauthorized={undefined}>
        <RedirectBoundary>
          <RedirectErrorBoundary router={{...}}>
            <InnerLayoutRouter url="/animations" tree={[...]} cacheNode={{lazyData:null, ...}} segmentPath={[...]}>
              <SegmentViewNode type="page" pagePath="/Documents...">
                <SegmentTrieNode>
                <ClientPageRoot Component={function AnimationPage} searchParams={{}} params={{}}>
                  <AnimationPage params={Promise} searchParams={Promise}>
                    <main data-orchids-id="src/app/an..." data-orchids-name="main" className="relative h...">
                      <div>
                      <div>
                      <div data-orchids-id="src/app/an..." data-orchids-name="div" className="relative z..." ...>
                        <div>
                        <div data-orchids-id="src/app/an..." data-orchids-name="div" className="flex-1 bor...">
                          <AutomatedBankingDemo data-orchids-id="src/app/an..." data-orchids-name="DemoComponent">
                            <div data-orchids-id="src/compon..." data-orchids-name="div" ref={{current:null}} ...>
                              ...
                                <div data-orchids-id="src/compon..." data-orchids-name="motion.div" ...>
                                  <BankingDashboard data-orchids-id="src/compon..." data-orchids-name="BankingDas...">
                                    <div
                                      data-orchids-id="src/components/animations/BankingDashboard.tsx:75:8"
                                      data-orchids-name="div"
                                      className="flex w-full h-full bg-white text-slate-800 overflow-hidden"
                                      style={{fontFamily:"var(--font...",fontSize:"11px"}}
-                                     data-orchid-ref="ref-z1ym4v56cl"
                                    >
                                      <aside
                                        data-orchids-id="src/components/animations/BankingDashboard.tsx:77:12"
                                        data-orchids-name="aside"
                                        className="w-[140px] border-r border-gray-100/80 p-3 flex flex-col justify-bet..."
-                                       data-orchid-ref="ref-gjjrzzbueq"
                                      >
                                        <div
                                          data-orchids-id="src/components/animations/BankingDashboard.tsx:78:16"
                                          data-orchids-name="div"
-                                         data-orchid-ref="ref-uvhwaumvk5"
                                        >
                                          <div
                                            data-orchids-id="src/components/animations/BankingDashboard.tsx:79:20"
                                            data-orchids-name="div"
                                            className="flex items-center gap-1.5 mb-5 px-0.5"
-                                           data-orchid-ref="ref-48t43mkhg8"
                                          >
                                    ... [truncated]
2026-02-07T17:22:21.521Z [console][error] A tree hydrated but some attributes of the server rendered HTML didn't match the client properties. This won't be patched up. This can happen if a SSR-ed Client Component used:

- A server/client branch `if (typeof window !== 'undefined')`.
- Variable input such as `Date.now()` or `Math.random()` which changes each time it's called.
- Date formatting in a user's locale which doesn't match the server.
- External changing data without sending a snapshot of it along with the HTML.
- Invalid HTML tag nesting.

It can also happen if the client has a browser extension installed which messes with the HTML before React loaded.

%s%s https://react.dev/link/hydration-mismatch 

  ...
    <LoadingBoundary loading={null}>
      <HTTPAccessFallbackBoundary notFound={undefined} forbidden={undefined} unauthorized={undefined}>
        <RedirectBoundary>
          <RedirectErrorBoundary router={{...}}>
            <InnerLayoutRouter url="/animations" tree={[...]} cacheNode={{lazyData:null, ...}} segmentPath={[...]}>
              <SegmentViewNode type="page" pagePath="/Documents...">
                <SegmentTrieNode>
                <ClientPageRoot Component={function AnimationPage} searchParams={{}} params={{}}>
                  <AnimationPage params={Promise} searchParams={Promise}>
                    <main data-orchids-id="src/app/an..." data-orchids-name="main" className="relative h...">
                      <div>
                      <div>
                      <div data-orchids-id="src/app/an..." data-orchids-name="div" className="relative z..." ...>
                        <div>
                        <div data-orchids-id="src/app/an..." data-orchids-name="div" className="flex-1 bor...">
                          <AutomatedBankingDemo data-orchids-id="src/app/an..." data-orchids-name="DemoComponent">
                            <div data-orchids-id="src/compon..." data-orchids-name="div" ref={{current:null}} ...>
                              ...
                                <BankingDashboard data-orchids-id="src/compon..." data-orchids-name="BankingDas...">
                                  <div data-orchids-id="src/compon..." data-orchids-name="div" className="flex w-ful..." ...>
                                    <aside>
                                    <main data-orchids-id="src/compon..." data-orchids-name="main" ...>
                                      <div data-orchids-id="src/compon..." data-orchids-name="div" ...>
                                        <div>
                                        <div data-orchids-id="src/compon..." data-orchids-name="div" ...>
                                          <div data-orchids-id="src/compon..." data-orchids-name="div" ...>
                                            <Search>
                                            <span
                                              data-orchids-id="src/components/animations/BankingDashboard.tsx:143:28"
                                              data-orchids-name="span"
                                              className="text-[8px]"
-                                             data-orchid-ref="ref-egjizi33il"
                                            >
+                                             Search...
                                          <div
                                            data-orchids-id="src/components/animations/BankingDashboard.tsx:145:24"
                                            data-orchids-name="div"
                                            className="relative p-1 bg-white border border-gray-200/80 rounded-md curs..."
-                                           data-orchid-ref="ref-ozploxwjhr"
                                          >
                                            <Bell data-orchids-id="src/compon..." data-orchids-name="Bell" size={10} ...>
                                              <svg
                                                ref={null}
                    ... [truncated]
2026-02-07T17:22:21.520Z [console][error] A tree hydrated but some attributes of the server rendered HTML didn't match the client properties. This won't be patched up. This can happen if a SSR-ed Client Component used:

- A server/client branch `if (typeof window !== 'undefined')`.
- Variable input such as `Date.now()` or `Math.random()` which changes each time it's called.
- Date formatting in a user's locale which doesn't match the server.
- External changing data without sending a snapshot of it along with the HTML.
- Invalid HTML tag nesting.

It can also happen if the client has a browser extension installed which messes with the HTML before React loaded.

%s%s https://react.dev/link/hydration-mismatch 

  ...
    <LoadingBoundary loading={null}>
      <HTTPAccessFallbackBoundary notFound={undefined} forbidden={undefined} unauthorized={undefined}>
        <RedirectBoundary>
          <RedirectErrorBoundary router={{...}}>
            <InnerLayoutRouter url="/animations" tree={[...]} cacheNode={{lazyData:null, ...}} segmentPath={[...]}>
              <SegmentViewNode type="page" pagePath="/Documents...">
                <SegmentTrieNode>
                <ClientPageRoot Component={function AnimationPage} searchParams={{}} params={{}}>
                  <AnimationPage params={Promise} searchParams={Promise}>
                    <main data-orchids-id="src/app/an..." data-orchids-name="main" className="relative h...">
                      <div>
                      <div>
                      <div data-orchids-id="src/app/an..." data-orchids-name="div" className="relative z..." ...>
                        <div>
                        <div data-orchids-id="src/app/an..." data-orchids-name="div" className="flex-1 bor...">
                          <AutomatedBankingDemo data-orchids-id="src/app/an..." data-orchids-name="DemoComponent">
                            <div data-orchids-id="src/compon..." data-orchids-name="div" ref={{current:null}} ...>
                              ...
                        ...
2026-02-07T17:35:56.477Z [console][error] A tree hydrated but some attributes of the server rendered HTML didn't match the client properties. This won't be patched up. This can happen if a SSR-ed Client Component used:

- A server/client branch `if (typeof window !== 'undefined')`.
- Variable input such as `Date.now()` or `Math.random()` which changes each time it's called.
- Date formatting in a user's locale which doesn't match the server.
- External changing data without sending a snapshot of it along with the HTML.
- Invalid HTML tag nesting.

It can also happen if the client has a browser extension installed which messes with the HTML before React loaded.

%s%s https://react.dev/link/hydration-mismatch 

  ...
    <RenderFromTemplateContext>
      <ScrollAndFocusHandler segmentPath={[...]}>
        <InnerScrollAndFocusHandler segmentPath={[...]} focusAndScrollRef={{apply:false, ...}}>
          <ErrorBoundary errorComponent={undefined} errorStyles={undefined} errorScripts={undefined}>
            <LoadingBoundary loading={null}>
              <HTTPAccessFallbackBoundary notFound={<SegmentViewNode>} forbidden={undefined} unauthorized={undefined}>
                <HTTPAccessFallbackErrorBoundary pathname="/" notFound={<SegmentViewNode>} forbidden={undefined} ...>
                  <RedirectBoundary>
                    <RedirectErrorBoundary router={{...}}>
                      <InnerLayoutRouter url="/" tree={[...]} cacheNode={{lazyData:null, ...}} segmentPath={[...]}>
                        <SegmentViewNode type="page" pagePath="/Documents...">
                          <SegmentTrieNode>
                          <ClientPageRoot Component={function Home} searchParams={{}} params={{}}>
                            <Home params={Promise} searchParams={Promise}>
                              <div
                                data-orchids-id="src/app/page.tsx:13:4"
                                data-orchids-name="div"
                                className="flex h-screen items-center justify-center bg-background"
-                               data-orchid-ref="ref-ad794toqpz"
                              >
                                <div
                                  data-orchids-id="src/app/page.tsx:14:6"
                                  data-orchids-name="div"
                                  className="flex flex-col items-center gap-4"
-                                 data-orchid-ref="ref-grm0fyada5"
                                >
                                  <div
                                    data-orchids-id="src/app/page.tsx:15:8"
                                    data-orchids-name="div"
                                    className="h-12 w-12 animate-spin rounded-full border-4 border-indigo-500 border-t..."
-                                   data-orchid-ref="ref-1ludnyraxd"
                                  >
                                  <p
                                    data-orchids-id="src/app/page.tsx:16:8"
                                    data-orchids-name="p"
                                    className="text-muted-foreground font-medium animate-pulse"
-                                   data-orchid-ref="ref-d09y55kmow"
                                  >
+                                   Loading Woodfrog Foundry...
                        ...
                      ...
          ...

2026-02-07T17:36:00.734Z [console][error] A tree hydrated but some attributes of the server rendered HTML didn't match the client properties. This won't be patched up. This can happen if a SSR-ed Client Component used:

- A server/client branch `if (typeof window !== 'undefined')`.
- Variable input such as `Date.now()` or `Math.random()` which changes each time it's called.
- Date formatting in a user's locale which doesn't match the server.
- External changing data without sending a snapshot of it along with the HTML.
- Invalid HTML tag nesting.

It can also happen if the client has a browser extension installed which messes with the HTML before React loaded.

%s%s https://react.dev/link/hydration-mismatch 

  ...
    <LoadingBoundary loading={null}>
      <HTTPAccessFallbackBoundary notFound={undefined} forbidden={undefined} unauthorized={undefined}>
        <RedirectBoundary>
          <RedirectErrorBoundary router={{...}}>
            <InnerLayoutRouter url="/animations" tree={[...]} cacheNode={{lazyData:null, ...}} segmentPath={[...]}>
              <SegmentViewNode type="page" pagePath="/Documents...">
                <SegmentTrieNode>
                <ClientPageRoot Component={function AnimationPage} searchParams={{}} params={{}}>
                  <AnimationPage params={Promise} searchParams={Promise}>
                    <main data-orchids-id="src/app/an..." data-orchids-name="main" className="relative h...">
                      <div>
                      <div>
                      <div data-orchids-id="src/app/an..." data-orchids-name="div" className="relative z..." ...>
                        <div>
                        <div data-orchids-id="src/app/an..." data-orchids-name="div" className="flex-1 bor...">
                          <AutomatedBankingDemo data-orchids-id="src/app/an..." data-orchids-name="DemoComponent">
                            <div data-orchids-id="src/compon..." data-orchids-name="div" ref={{current:null}} ...>
                              ...
                                <motion.div data-orchids-id="src/compon..." data-orchids-name="motion.div" ...>
                                  <div
                                    data-orchids-id="src/components/animations/AutomatedBankingDemo.tsx:120:20"
                                    data-orchids-name="motion.div"
                                    className="absolute inset-0"
                                    style={{opacity:0,transform:"scale(0.98)"}}
                                    ref={function useMotionRef.useCallback}
-                                   data-orchid-ref="ref-l1jr454qqf"
                                  >
                                    <BankingDashboard data-orchids-id="src/compon..." data-orchids-name="BankingDas...">
                                      <div
                                        data-orchids-id="src/components/animations/BankingDashboard.tsx:75:8"
                                        data-orchids-name="div"
                                        className="flex w-full h-full bg-white text-slate-800 overflow-hidden"
                                        style={{fontFamily:"var(--font...",fontSize:"11px"}}
-                                       data-orchid-ref="ref-h1wuc1hden"
                                      >
                                        <aside
                                          data-orchids-id="src/components/animations/BankingDashboard.tsx:77:12"
                                          data-orchids-name="aside"
                                          className="w-[140px] border-r border-gray-100/80 p-3 flex flex-col justify-b..."
-                                         data-orchid-ref="ref-1sfibg3xte"
                                        >
                                          <div
                                            data-orchids-id="src/components/animations/BankingDashboard.tsx:78:16"
                                            data-orchids-name="div"
-              ... [truncated]
2026-02-07T17:36:00.735Z [console][error] A tree hydrated but some attributes of the server rendered HTML didn't match the client properties. This won't be patched up. This can happen if a SSR-ed Client Component used:

- A server/client branch `if (typeof window !== 'undefined')`.
- Variable input such as `Date.now()` or `Math.random()` which changes each time it's called.
- Date formatting in a user's locale which doesn't match the server.
- External changing data without sending a snapshot of it along with the HTML.
- Invalid HTML tag nesting.

It can also happen if the client has a browser extension installed which messes with the HTML before React loaded.

%s%s https://react.dev/link/hydration-mismatch 

  ...
    <LoadingBoundary loading={null}>
      <HTTPAccessFallbackBoundary notFound={undefined} forbidden={undefined} unauthorized={undefined}>
        <RedirectBoundary>
          <RedirectErrorBoundary router={{...}}>
            <InnerLayoutRouter url="/animations" tree={[...]} cacheNode={{lazyData:null, ...}} segmentPath={[...]}>
              <SegmentViewNode type="page" pagePath="/Documents...">
                <SegmentTrieNode>
                <ClientPageRoot Component={function AnimationPage} searchParams={{}} params={{}}>
                  <AnimationPage params={Promise} searchParams={Promise}>
                    <main data-orchids-id="src/app/an..." data-orchids-name="main" className="relative h...">
                      <div>
                      <div>
                      <div data-orchids-id="src/app/an..." data-orchids-name="div" className="relative z..." ...>
                        <div>
                        <div data-orchids-id="src/app/an..." data-orchids-name="div" className="flex-1 bor...">
                          <AutomatedBankingDemo data-orchids-id="src/app/an..." data-orchids-name="DemoComponent">
                            <div data-orchids-id="src/compon..." data-orchids-name="div" ref={{current:null}} ...>
                              ...
                        ...
2026-02-07T17:35:56.477Z [console][error] A tree hydrated but some attributes of the server rendered HTML didn't match the client properties. This won't be patched up. This can happen if a SSR-ed Client Component used:

- A server/client branch `if (typeof window !== 'undefined')`.
- Variable input such as `Date.now()` or `Math.random()` which changes each time it's called.
- Date formatting in a user's locale which doesn't match the server.
- External changing data without sending a snapshot of it along with the HTML.
- Invalid HTML tag nesting.

It can also happen if the client has a browser extension installed which messes with the HTML before React loaded.

%s%s https://react.dev/link/hydration-mismatch 

  ...
    <RenderFromTemplateContext>
      <ScrollAndFocusHandler segmentPath={[...]}>
        <InnerScrollAndFocusHandler segmentPath={[...]} focusAndScrollRef={{apply:false, ...}}>
          <ErrorBoundary errorComponent={undefined} errorStyles={undefined} errorScripts={undefined}>
            <LoadingBoundary loading={null}>
              <HTTPAccessFallbackBoundary notFound={<SegmentViewNode>} forbidden={undefined} unauthorized={undefined}>
                <HTTPAccessFallbackErrorBoundary pathname="/" notFound={<SegmentViewNode>} forbidden={undefined} ...>
                  <RedirectBoundary>
                    <RedirectErrorBoundary router={{...}}>
                      <InnerLayoutRouter url="/" tree={[...]} cacheNode={{lazyData:null, ...}} segmentPath={[...]}>
                        <SegmentViewNode type="page" pagePath="/Documents...">
                          <SegmentTrieNode>
                          <ClientPageRoot Component={function Home} searchParams={{}} params={{}}>
                            <Home params={Promise} searchParams={Promise}>
                              <div
                                data-orchids-id="src/app/page.tsx:13:4"
                                data-orchids-name="div"
                                className="flex h-screen items-center justify-center bg-background"
-                               data-orchid-ref="ref-ad794toqpz"
                              >
                                <div
                                  data-orchids-id="src/app/page.tsx:14:6"
                                  data-orchids-name="div"
                                  className="flex flex-col items-center gap-4"
-                                 data-orchid-ref="ref-grm0fyada5"
                                >
                                  <div
                                    data-orchids-id="src/app/page.tsx:15:8"
                                    data-orchids-name="div"
                                    className="h-12 w-12 animate-spin rounded-full border-4 border-indigo-500 border-t..."
-                                   data-orchid-ref="ref-1ludnyraxd"
                                  >
                                  <p
                                    data-orchids-id="src/app/page.tsx:16:8"
                                    data-orchids-name="p"
                                    className="text-muted-foreground font-medium animate-pulse"
-                                   data-orchid-ref="ref-d09y55kmow"
                                  >
+                                   Loading Woodfrog Foundry...
                        ...
                      ...
          ...

2026-02-07T17:36:00.734Z [console][error] A tree hydrated but some attributes of the server rendered HTML didn't match the client properties. This won't be patched up. This can happen if a SSR-ed Client Component used:

- A server/client branch `if (typeof window !== 'undefined')`.
- Variable input such as `Date.now()` or `Math.random()` which changes each time it's called.
- Date formatting in a user's locale which doesn't match the server.
- External changing data without sending a snapshot of it along with the HTML.
- Invalid HTML tag nesting.

It can also happen if the client has a browser extension installed which messes with the HTML before React loaded.

%s%s https://react.dev/link/hydration-mismatch 

  ...
    <LoadingBoundary loading={null}>
      <HTTPAccessFallbackBoundary notFound={undefined} forbidden={undefined} unauthorized={undefined}>
        <RedirectBoundary>
          <RedirectErrorBoundary router={{...}}>
            <InnerLayoutRouter url="/animations" tree={[...]} cacheNode={{lazyData:null, ...}} segmentPath={[...]}>
              <SegmentViewNode type="page" pagePath="/Documents...">
                <SegmentTrieNode>
                <ClientPageRoot Component={function AnimationPage} searchParams={{}} params={{}}>
                  <AnimationPage params={Promise} searchParams={Promise}>
                    <main data-orchids-id="src/app/an..." data-orchids-name="main" className="relative h...">
                      <div>
                      <div>
                      <div data-orchids-id="src/app/an..." data-orchids-name="div" className="relative z..." ...>
                        <div>
                        <div data-orchids-id="src/app/an..." data-orchids-name="div" className="flex-1 bor...">
                          <AutomatedBankingDemo data-orchids-id="src/app/an..." data-orchids-name="DemoComponent">
                            <div data-orchids-id="src/compon..." data-orchids-name="div" ref={{current:null}} ...>
                              ...
                                <motion.div data-orchids-id="src/compon..." data-orchids-name="motion.div" ...>
                                  <div
                                    data-orchids-id="src/components/animations/AutomatedBankingDemo.tsx:120:20"
                                    data-orchids-name="motion.div"
                                    className="absolute inset-0"
                                    style={{opacity:0,transform:"scale(0.98)"}}
                                    ref={function useMotionRef.useCallback}
-                                   data-orchid-ref="ref-l1jr454qqf"
                                  >
                                    <BankingDashboard data-orchids-id="src/compon..." data-orchids-name="BankingDas...">
                                      <div
                                        data-orchids-id="src/components/animations/BankingDashboard.tsx:75:8"
                                        data-orchids-name="div"
                                        className="flex w-full h-full bg-white text-slate-800 overflow-hidden"
                                        style={{fontFamily:"var(--font...",fontSize:"11px"}}
-                                       data-orchid-ref="ref-h1wuc1hden"
                                      >
                                        <aside
                                          data-orchids-id="src/components/animations/BankingDashboard.tsx:77:12"
                                          data-orchids-name="aside"
                                          className="w-[140px] border-r border-gray-100/80 p-3 flex flex-col justify-b..."
-                                         data-orchid-ref="ref-1sfibg3xte"
                                        >
                                          <div
                                            data-orchids-id="src/components/animations/BankingDashboard.tsx:78:16"
                                            data-orchids-name="div"
-              ... [truncated]
2026-02-07T17:37:41.397Z [console][error] A tree hydrated but some attributes of the server rendered HTML didn't match the client properties. This won't be patched up. This can happen if a SSR-ed Client Component used:

- A server/client branch `if (typeof window !== 'undefined')`.
- Variable input such as `Date.now()` or `Math.random()` which changes each time it's called.
- Date formatting in a user's locale which doesn't match the server.
- External changing data without sending a snapshot of it along with the HTML.
- Invalid HTML tag nesting.

It can also happen if the client has a browser extension installed which messes with the HTML before React loaded.

%s%s https://react.dev/link/hydration-mismatch 

  ...
    <HotReload assetPrefix="" globalError={[...]}>
      <AppDevOverlayErrorBoundary globalError={[...]}>
        <ReplaySsrOnlyErrors>
        <DevRootHTTPAccessFallbackBoundary>
          <HTTPAccessFallbackBoundary notFound={<NotAllowedRootHTTPFallbackError>}>
            <HTTPAccessFallbackErrorBoundary pathname="/animations" notFound={<NotAllowedRootHTTPFallbackError>} ...>
              <RedirectBoundary>
                <RedirectErrorBoundary router={{...}}>
                  <Head>
                  <__next_root_layout_boundary__>
                    <SegmentViewNode type="layout" pagePath="/Documents...">
                      <SegmentTrieNode>
                      <link>
                      <script>
                      <script>
                      <RootLayout>
                        <html data-orchids-id="src/app/la..." data-orchids-name="html" lang="en" ...>
                          <body
                            data-orchids-id="src/app/layout.tsx:33:6"
                            data-orchids-name="body"
                            className="geist_a71539c9-module__T19VSG__variable geist_mono_8d43a2aa-module__8Li5zG__var..."
-                           data-orchid-ref="ref-ugek63jlct"
                          >
                            ...
                              <SegmentViewNode type="page" pagePath="/Documents...">
                                <SegmentTrieNode>
                                <ClientPageRoot Component={function AnimationPage} searchParams={{}} params={{}}>
                                  <AnimationPage params={Promise} searchParams={Promise}>
                                    <main
                                      data-orchids-id="src/app/animations/page.tsx:65:8"
                                      data-orchids-name="main"
                                      className="relative h-screen w-full flex flex-col items-center justify-center ov..."
-                                     data-orchid-ref="ref-q2y4y33grm"
                                    >
                                      <div
                                        data-orchids-id="src/app/animations/page.tsx:67:12"
                                        data-orchids-name="div"
                                        className="absolute inset-0 opacity-[0.03]"
                                        style={{backgroundImage:"radial-gra...",backgroundSize:"32px 32px"}}
-                                       data-orchid-ref="ref-vja6bhm3u0"
                                      >
                                      <div
                                        data-orchids-id="src/app/animations/page.tsx:73:12"
                                        data-orchids-name="div"
                                        className="fixed top-0 left-0 right-0 z-[200] px-6 py-4 flex items-center just..."
-                                       data-orchid-ref="ref-7rdfvtgakw"
                                      >
                                        <LinkComponent data-orchids-id="src/app/an..." data-orchids-name="Link" href="/" ...>
                                          <a
                                            data-orchids-id="src/app/animations/page.tsx:74:16"
                                            data-orchids... [truncated]
2026-02-07T17:38:47.018Z [console][error] A tree hydrated but some attributes of the server rendered HTML didn't match the client properties. This won't be patched up. This can happen if a SSR-ed Client Component used:

- A server/client branch `if (typeof window !== 'undefined')`.
- Variable input such as `Date.now()` or `Math.random()` which changes each time it's called.
- Date formatting in a user's locale which doesn't match the server.
- External changing data without sending a snapshot of it along with the HTML.
- Invalid HTML tag nesting.

It can also happen if the client has a browser extension installed which messes with the HTML before React loaded.

%s%s https://react.dev/link/hydration-mismatch 

  ...
    <RenderFromTemplateContext>
      <ScrollAndFocusHandler segmentPath={[...]}>
        <InnerScrollAndFocusHandler segmentPath={[...]} focusAndScrollRef={{apply:false, ...}}>
          <ErrorBoundary errorComponent={undefined} errorStyles={undefined} errorScripts={undefined}>
            <LoadingBoundary loading={null}>
              <HTTPAccessFallbackBoundary notFound={undefined} forbidden={undefined} unauthorized={undefined}>
                <RedirectBoundary>
                  <RedirectErrorBoundary router={{...}}>
                    <InnerLayoutRouter url="/animations" tree={[...]} cacheNode={{lazyData:null, ...}} ...>
                      <SegmentViewNode type="page" pagePath="/Documents...">
                        <SegmentTrieNode>
                        <ClientPageRoot Component={function AnimationPage} searchParams={{}} params={{}}>
                          <AnimationPage params={Promise} searchParams={Promise}>
                            <main data-orchids-id="src/app/an..." data-orchids-name="main" className="relative h...">
                              <div>
                              <div data-orchids-id="src/app/an..." data-orchids-name="div" className="fixed top-...">
                                <LinkComponent>
                                <div data-orchids-id="src/app/an..." data-orchids-name="div" className="flex items...">
                                  <button>
                                  <button>
                                  <button>
                                  <button>
                                  <button data-orchids-id="src/app/an..." data-orchids-name="button" ...>
                                    <DollarSign data-orchids-id="src/app/an..." data-orchids-name="Icon" size={12}>
                                      <svg ref={null} xmlns="http://www..." width={12} height={12} viewBox="0 0 24 24" ...>
                                        <line
                                          x1="12"
                                          x2="12"
                                          y1="2"
                                          y2="22"
-                                         data-orchid-ref="ref-xbz1tyz6lx"
                                        >
                                        <path
                                          d="M17 5H9.5a3.5 3.5 0 0 0 0 7h5a3.5 3.5 0 0 1 0 7H6"
-                                         data-orchid-ref="ref-hej46xp9qd"
                                        >
                                    ...
                                  <button
                                    data-orchids-id="src/app/animations/page.tsx:88:28@demos"
                                    data-orchids-name="button"
                                    onClick={function onClick}
                                    className="flex items-center gap-2 px-3 py-1.5 rounded-md text-[11px] font-medium ..."
-                                   data-orchid-ref="ref-xn1r8zauie"
                                  >
                                    <Target data-orchids-id="src/app/an..." data-orchids-name="Icon" size={12}>
                                      <svg
                                        ref={null}
                                        xmlns="http://www.w... [truncated]
2026-02-07T17:40:44.946Z [console][error] A tree hydrated but some attributes of the server rendered HTML didn't match the client properties. This won't be patched up. This can happen if a SSR-ed Client Component used:

- A server/client branch `if (typeof window !== 'undefined')`.
- Variable input such as `Date.now()` or `Math.random()` which changes each time it's called.
- Date formatting in a user's locale which doesn't match the server.
- External changing data without sending a snapshot of it along with the HTML.
- Invalid HTML tag nesting.

It can also happen if the client has a browser extension installed which messes with the HTML before React loaded.

%s%s https://react.dev/link/hydration-mismatch 

  ...
    <RenderFromTemplateContext>
      <ScrollAndFocusHandler segmentPath={[...]}>
        <InnerScrollAndFocusHandler segmentPath={[...]} focusAndScrollRef={{apply:false, ...}}>
          <ErrorBoundary errorComponent={undefined} errorStyles={undefined} errorScripts={undefined}>
            <LoadingBoundary loading={null}>
              <HTTPAccessFallbackBoundary notFound={undefined} forbidden={undefined} unauthorized={undefined}>
                <RedirectBoundary>
                  <RedirectErrorBoundary router={{...}}>
                    <InnerLayoutRouter url="/animations" tree={[...]} cacheNode={{lazyData:null, ...}} ...>
                      <SegmentViewNode type="page" pagePath="/Documents...">
                        <SegmentTrieNode>
                        <ClientPageRoot Component={function AnimationPage} searchParams={{}} params={{}}>
                          <AnimationPage params={Promise} searchParams={Promise}>
                            <main data-orchids-id="src/app/an..." data-orchids-name="main" className="relative h...">
                              <div>
                              <div data-orchids-id="src/app/an..." data-orchids-name="div" className="fixed top-...">
                                <LinkComponent>
                                <div>
                                <div data-orchids-id="src/app/an..." data-orchids-name="div" className="flex items...">
                                  <Monitor data-orchids-id="src/app/an..." data-orchids-name="Monitor" size={13}>
                                    <svg
                                      ref={null}
                                      xmlns="http://www.w3.org/2000/svg"
                                      width={13}
                                      height={13}
                                      viewBox="0 0 24 24"
                                      fill="none"
                                      stroke="currentColor"
                                      strokeWidth={2}
                                      strokeLinecap="round"
                                      strokeLinejoin="round"
                                      className="lucide lucide-monitor"
                                      aria-hidden="true"
                                      data-orchids-id="src/app/animations/page.tsx:105:20"
                                      data-orchids-name="Monitor"
-                                     data-orchid-ref="ref-q3t02mgkx8"
                                    >
                                      <rect
                                        width="20"
                                        height="14"
                                        x="2"
                                        y="3"
                                        rx="2"
-                                       data-orchid-ref="ref-go3a3rmvzi"
                                      >
                                      <line
                                        x1="8"
                                        x2="16"
                                        y1="21"
                                        y2="21"
-                                       data-orchid-ref="ref-tsjy9jw9k5"
                                      >
                                   ... [truncated]
2026-02-07T17:40:44.944Z [console][error] A tree hydrated but some attributes of the server rendered HTML didn't match the client properties. This won't be patched up. This can happen if a SSR-ed Client Component used:

- A server/client branch `if (typeof window !== 'undefined')`.
- Variable input such as `Date.now()` or `Math.random()` which changes each time it's called.
- Date formatting in a user's locale which doesn't match the server.
- External changing data without sending a snapshot of it along with the HTML.
- Invalid HTML tag nesting.

It can also happen if the client has a browser extension installed which messes with the HTML before React loaded.

%s%s https://react.dev/link/hydration-mismatch 

  ...
    <RenderFromTemplateContext>
      <ScrollAndFocusHandler segmentPath={[...]}>
        <InnerScrollAndFocusHandler segmentPath={[...]} focusAndScrollRef={{apply:false, ...}}>
          <ErrorBoundary errorComponent={undefined} errorStyles={undefined} errorScripts={undefined}>
            <LoadingBoundary loading={null}>
              <HTTPAccessFallbackBoundary notFound={undefined} forbidden={undefined} unauthorized={undefined}>
                <RedirectBoundary>
                  <RedirectErrorBoundary router={{...}}>
                    <InnerLayoutRouter url="/animations" tree={[...]} cacheNode={{lazyData:null, ...}} ...>
                      <SegmentViewNode type="page" pagePath="/Documents...">
                        <SegmentTrieNode>
                        <ClientPageRoot Component={function AnimationPage} searchParams={{}} params={{}}>
                          <AnimationPage params={Promise} searchParams={Promise}>
                            <main data-orchids-id="src/app/an..." data-orchids-name="main" className="relative h...">
                              <div>
                              <div data-orchids-id="src/app/an..." data-orchids-name="div" className="fixed top-...">
                                <LinkComponent>
                                <div>
                ...
2026-02-07T17:35:56.477Z [console][error] A tree hydrated but some attributes of the server rendered HTML didn't match the client properties. This won't be patched up. This can happen if a SSR-ed Client Component used:

- A server/client branch `if (typeof window !== 'undefined')`.
- Variable input such as `Date.now()` or `Math.random()` which changes each time it's called.
- Date formatting in a user's locale which doesn't match the server.
- External changing data without sending a snapshot of it along with the HTML.
- Invalid HTML tag nesting.

It can also happen if the client has a browser extension installed which messes with the HTML before React loaded.

%s%s https://react.dev/link/hydration-mismatch 

  ...
    <RenderFromTemplateContext>
      <ScrollAndFocusHandler segmentPath={[...]}>
        <InnerScrollAndFocusHandler segmentPath={[...]} focusAndScrollRef={{apply:false, ...}}>
          <ErrorBoundary errorComponent={undefined} errorStyles={undefined} errorScripts={undefined}>
            <LoadingBoundary loading={null}>
              <HTTPAccessFallbackBoundary notFound={<SegmentViewNode>} forbidden={undefined} unauthorized={undefined}>
                <HTTPAccessFallbackErrorBoundary pathname="/" notFound={<SegmentViewNode>} forbidden={undefined} ...>
                  <RedirectBoundary>
                    <RedirectErrorBoundary router={{...}}>
                      <InnerLayoutRouter url="/" tree={[...]} cacheNode={{lazyData:null, ...}} segmentPath={[...]}>
                        <SegmentViewNode type="page" pagePath="/Documents...">
                          <SegmentTrieNode>
                          <ClientPageRoot Component={function Home} searchParams={{}} params={{}}>
                            <Home params={Promise} searchParams={Promise}>
                              <div
                                data-orchids-id="src/app/page.tsx:13:4"
                                data-orchids-name="div"
                                className="flex h-screen items-center justify-center bg-background"
-                               data-orchid-ref="ref-ad794toqpz"
                              >
                                <div
                                  data-orchids-id="src/app/page.tsx:14:6"
                                  data-orchids-name="div"
                                  className="flex flex-col items-center gap-4"
-                                 data-orchid-ref="ref-grm0fyada5"
                                >
                                  <div
                                    data-orchids-id="src/app/page.tsx:15:8"
                                    data-orchids-name="div"
                                    className="h-12 w-12 animate-spin rounded-full border-4 border-indigo-500 border-t..."
-                                   data-orchid-ref="ref-1ludnyraxd"
                                  >
                                  <p
                                    data-orchids-id="src/app/page.tsx:16:8"
                                    data-orchids-name="p"
                                    className="text-muted-foreground font-medium animate-pulse"
-                                   data-orchid-ref="ref-d09y55kmow"
                                  >
+                                   Loading Woodfrog Foundry...
                        ...
                      ...
          ...

2026-02-07T17:36:00.734Z [console][error] A tree hydrated but some attributes of the server rendered HTML didn't match the client properties. This won't be patched up. This can happen if a SSR-ed Client Component used:

- A server/client branch `if (typeof window !== 'undefined')`.
- Variable input such as `Date.now()` or `Math.random()` which changes each time it's called.
- Date formatting in a user's locale which doesn't match the server.
- External changing data without sending a snapshot of it along with the HTML.
- Invalid HTML tag nesting.

It can also happen if the client has a browser extension installed which messes with the HTML before React loaded.

%s%s https://react.dev/link/hydration-mismatch 

  ...
    <LoadingBoundary loading={null}>
      <HTTPAccessFallbackBoundary notFound={undefined} forbidden={undefined} unauthorized={undefined}>
        <RedirectBoundary>
          <RedirectErrorBoundary router={{...}}>
            <InnerLayoutRouter url="/animations" tree={[...]} cacheNode={{lazyData:null, ...}} segmentPath={[...]}>
              <SegmentViewNode type="page" pagePath="/Documents...">
                <SegmentTrieNode>
                <ClientPageRoot Component={function AnimationPage} searchParams={{}} params={{}}>
                  <AnimationPage params={Promise} searchParams={Promise}>
                    <main data-orchids-id="src/app/an..." data-orchids-name="main" className="relative h...">
                      <div>
                      <div>
                      <div data-orchids-id="src/app/an..." data-orchids-name="div" className="relative z..." ...>
                        <div>
                        <div data-orchids-id="src/app/an..." data-orchids-name="div" className="flex-1 bor...">
                          <AutomatedBankingDemo data-orchids-id="src/app/an..." data-orchids-name="DemoComponent">
                            <div data-orchids-id="src/compon..." data-orchids-name="div" ref={{current:null}} ...>
                              ...
                                <motion.div data-orchids-id="src/compon..." data-orchids-name="motion.div" ...>
                                  <div
                                    data-orchids-id="src/components/animations/AutomatedBankingDemo.tsx:120:20"
                                    data-orchids-name="motion.div"
                                    className="absolute inset-0"
                                    style={{opacity:0,transform:"scale(0.98)"}}
                                    ref={function useMotionRef.useCallback}
-                                   data-orchid-ref="ref-l1jr454qqf"
                                  >
                                    <BankingDashboard data-orchids-id="src/compon..." data-orchids-name="BankingDas...">
                                      <div
                                        data-orchids-id="src/components/animations/BankingDashboard.tsx:75:8"
                                        data-orchids-name="div"
                                        className="flex w-full h-full bg-white text-slate-800 overflow-hidden"
                                        style={{fontFamily:"var(--font...",fontSize:"11px"}}
-                                       data-orchid-ref="ref-h1wuc1hden"
                                      >
                                        <aside
                                          data-orchids-id="src/components/animations/BankingDashboard.tsx:77:12"
                                          data-orchids-name="aside"
                                          className="w-[140px] border-r border-gray-100/80 p-3 flex flex-col justify-b..."
-                                         data-orchid-ref="ref-1sfibg3xte"
                                        >
                                          <div
                                            data-orchids-id="src/components/animations/BankingDashboard.tsx:78:16"
                                            data-orchids-name="div"
-              ... [truncated]
2026-02-07T17:37:41.397Z [console][error] A tree hydrated but some attributes of the server rendered HTML didn't match the client properties. This won't be patched up. This can happen if a SSR-ed Client Component used:

- A server/client branch `if (typeof window !== 'undefined')`.
- Variable input such as `Date.now()` or `Math.random()` which changes each time it's called.
- Date formatting in a user's locale which doesn't match the server.
- External changing data without sending a snapshot of it along with the HTML.
- Invalid HTML tag nesting.

It can also happen if the client has a browser extension installed which messes with the HTML before React loaded.

%s%s https://react.dev/link/hydration-mismatch 

  ...
    <HotReload assetPrefix="" globalError={[...]}>
      <AppDevOverlayErrorBoundary globalError={[...]}>
        <ReplaySsrOnlyErrors>
        <DevRootHTTPAccessFallbackBoundary>
          <HTTPAccessFallbackBoundary notFound={<NotAllowedRootHTTPFallbackError>}>
            <HTTPAccessFallbackErrorBoundary pathname="/animations" notFound={<NotAllowedRootHTTPFallbackError>} ...>
              <RedirectBoundary>
                <RedirectErrorBoundary router={{...}}>
                  <Head>
                  <__next_root_layout_boundary__>
                    <SegmentViewNode type="layout" pagePath="/Documents...">
                      <SegmentTrieNode>
                      <link>
                      <script>
                      <script>
                      <RootLayout>
                        <html data-orchids-id="src/app/la..." data-orchids-name="html" lang="en" ...>
                          <body
                            data-orchids-id="src/app/layout.tsx:33:6"
                            data-orchids-name="body"
                            className="geist_a71539c9-module__T19VSG__variable geist_mono_8d43a2aa-module__8Li5zG__var..."
-                           data-orchid-ref="ref-ugek63jlct"
                          >
                            ...
                              <SegmentViewNode type="page" pagePath="/Documents...">
                                <SegmentTrieNode>
                                <ClientPageRoot Component={function AnimationPage} searchParams={{}} params={{}}>
                                  <AnimationPage params={Promise} searchParams={Promise}>
                                    <main
                                      data-orchids-id="src/app/animations/page.tsx:65:8"
                                      data-orchids-name="main"
                                      className="relative h-screen w-full flex flex-col items-center justify-center ov..."
-                                     data-orchid-ref="ref-q2y4y33grm"
                                    >
                                      <div
                                        data-orchids-id="src/app/animations/page.tsx:67:12"
                                        data-orchids-name="div"
                                        className="absolute inset-0 opacity-[0.03]"
                                        style={{backgroundImage:"radial-gra...",backgroundSize:"32px 32px"}}
-                                       data-orchid-ref="ref-vja6bhm3u0"
                                      >
                                      <div
                                        data-orchids-id="src/app/animations/page.tsx:73:12"
                                        data-orchids-name="div"
                                        className="fixed top-0 left-0 right-0 z-[200] px-6 py-4 flex items-center just..."
-                                       data-orchid-ref="ref-7rdfvtgakw"
                                      >
                                        <LinkComponent data-orchids-id="src/app/an..." data-orchids-name="Link" href="/" ...>
                                          <a
                                            data-orchids-id="src/app/animations/page.tsx:74:16"
                                            data-orchids... [truncated]
2026-02-07T17:38:47.018Z [console][error] A tree hydrated but some attributes of the server rendered HTML didn't match the client properties. This won't be patched up. This can happen if a SSR-ed Client Component used:

- A server/client branch `if (typeof window !== 'undefined')`.
- Variable input such as `Date.now()` or `Math.random()` which changes each time it's called.
- Date formatting in a user's locale which doesn't match the server.
- External changing data without sending a snapshot of it along with the HTML.
- Invalid HTML tag nesting.

It can also happen if the client has a browser extension installed which messes with the HTML before React loaded.

%s%s https://react.dev/link/hydration-mismatch 

  ...
    <RenderFromTemplateContext>
      <ScrollAndFocusHandler segmentPath={[...]}>
        <InnerScrollAndFocusHandler segmentPath={[...]} focusAndScrollRef={{apply:false, ...}}>
          <ErrorBoundary errorComponent={undefined} errorStyles={undefined} errorScripts={undefined}>
            <LoadingBoundary loading={null}>
              <HTTPAccessFallbackBoundary notFound={undefined} forbidden={undefined} unauthorized={undefined}>
                <RedirectBoundary>
                  <RedirectErrorBoundary router={{...}}>
                    <InnerLayoutRouter url="/animations" tree={[...]} cacheNode={{lazyData:null, ...}} ...>
                      <SegmentViewNode type="page" pagePath="/Documents...">
                        <SegmentTrieNode>
                        <ClientPageRoot Component={function AnimationPage} searchParams={{}} params={{}}>
                          <AnimationPage params={Promise} searchParams={Promise}>
                            <main data-orchids-id="src/app/an..." data-orchids-name="main" className="relative h...">
                              <div>
                              <div data-orchids-id="src/app/an..." data-orchids-name="div" className="fixed top-...">
                                <LinkComponent>
                                <div data-orchids-id="src/app/an..." data-orchids-name="div" className="flex items...">
                                  <button>
                                  <button>
                                  <button>
                                  <button>
                                  <button data-orchids-id="src/app/an..." data-orchids-name="button" ...>
                                    <DollarSign data-orchids-id="src/app/an..." data-orchids-name="Icon" size={12}>
                                      <svg ref={null} xmlns="http://www..." width={12} height={12} viewBox="0 0 24 24" ...>
                                        <line
                                          x1="12"
                                          x2="12"
                                          y1="2"
                                          y2="22"
-                                         data-orchid-ref="ref-xbz1tyz6lx"
                                        >
                                        <path
                                          d="M17 5H9.5a3.5 3.5 0 0 0 0 7h5a3.5 3.5 0 0 1 0 7H6"
-                                         data-orchid-ref="ref-hej46xp9qd"
                                        >
                                    ...
                                  <button
                                    data-orchids-id="src/app/animations/page.tsx:88:28@demos"
                                    data-orchids-name="button"
                                    onClick={function onClick}
                                    className="flex items-center gap-2 px-3 py-1.5 rounded-md text-[11px] font-medium ..."
-                                   data-orchid-ref="ref-xn1r8zauie"
                                  >
                                    <Target data-orchids-id="src/app/an..." data-orchids-name="Icon" size={12}>
                                      <svg
                                        ref={null}
                                        xmlns="http://www.w... [truncated]
2026-02-07T17:40:44.946Z [console][error] A tree hydrated but some attributes of the server rendered HTML didn't match the client properties. This won't be patched up. This can happen if a SSR-ed Client Component used:

- A server/client branch `if (typeof window !== 'undefined')`.
- Variable input such as `Date.now()` or `Math.random()` which changes each time it's called.
- Date formatting in a user's locale which doesn't match the server.
- External changing data without sending a snapshot of it along with the HTML.
- Invalid HTML tag nesting.

It can also happen if the client has a browser extension installed which messes with the HTML before React loaded.

%s%s https://react.dev/link/hydration-mismatch 

  ...
    <RenderFromTemplateContext>
      <ScrollAndFocusHandler segmentPath={[...]}>
        <InnerScrollAndFocusHandler segmentPath={[...]} focusAndScrollRef={{apply:false, ...}}>
          <ErrorBoundary errorComponent={undefined} errorStyles={undefined} errorScripts={undefined}>
            <LoadingBoundary loading={null}>
              <HTTPAccessFallbackBoundary notFound={undefined} forbidden={undefined} unauthorized={undefined}>
                <RedirectBoundary>
                  <RedirectErrorBoundary router={{...}}>
                    <InnerLayoutRouter url="/animations" tree={[...]} cacheNode={{lazyData:null, ...}} ...>
                      <SegmentViewNode type="page" pagePath="/Documents...">
                        <SegmentTrieNode>
                        <ClientPageRoot Component={function AnimationPage} searchParams={{}} params={{}}>
                          <AnimationPage params={Promise} searchParams={Promise}>
                            <main data-orchids-id="src/app/an..." data-orchids-name="main" className="relative h...">
                              <div>
                              <div data-orchids-id="src/app/an..." data-orchids-name="div" className="fixed top-...">
                                <LinkComponent>
                                <div>
                                <div data-orchids-id="src/app/an..." data-orchids-name="div" className="flex items...">
                                  <Monitor data-orchids-id="src/app/an..." data-orchids-name="Monitor" size={13}>
                                    <svg
                                      ref={null}
                                      xmlns="http://www.w3.org/2000/svg"
                                      width={13}
                                      height={13}
                                      viewBox="0 0 24 24"
                                      fill="none"
                                      stroke="currentColor"
                                      strokeWidth={2}
                                      strokeLinecap="round"
                                      strokeLinejoin="round"
                                      className="lucide lucide-monitor"
                                      aria-hidden="true"
                                      data-orchids-id="src/app/animations/page.tsx:105:20"
                                      data-orchids-name="Monitor"
-                                     data-orchid-ref="ref-q3t02mgkx8"
                                    >
                                      <rect
                                        width="20"
                                        height="14"
                                        x="2"
                                        y="3"
                                        rx="2"
-                                       data-orchid-ref="ref-go3a3rmvzi"
                                      >
                                      <line
                                        x1="8"
                                        x2="16"
                                        y1="21"
                                        y2="21"
-                                       data-orchid-ref="ref-tsjy9jw9k5"
                                      >
                                   ... [truncated]
2026-02-07T17:54:36.119Z [console][error] A tree hydrated but some attributes of the server rendered HTML didn't match the client properties. This won't be patched up. This can happen if a SSR-ed Client Component used:

- A server/client branch `if (typeof window !== 'undefined')`.
- Variable input such as `Date.now()` or `Math.random()` which changes each time it's called.
- Date formatting in a user's locale which doesn't match the server.
- External changing data without sending a snapshot of it along with the HTML.
- Invalid HTML tag nesting.

It can also happen if the client has a browser extension installed which messes with the HTML before React loaded.

%s%s https://react.dev/link/hydration-mismatch 

  ...
    <RenderFromTemplateContext>
      <ScrollAndFocusHandler segmentPath={[...]}>
        <InnerScrollAndFocusHandler segmentPath={[...]} focusAndScrollRef={{apply:false, ...}}>
          <ErrorBoundary errorComponent={undefined} errorStyles={undefined} errorScripts={undefined}>
            <LoadingBoundary loading={null}>
              <HTTPAccessFallbackBoundary notFound={undefined} forbidden={undefined} unauthorized={undefined}>
                <RedirectBoundary>
                  <RedirectErrorBoundary router={{...}}>
                    <InnerLayoutRouter url="/animations" tree={[...]} cacheNode={{lazyData:null, ...}} ...>
                      <SegmentViewNode type="page" pagePath="/Documents...">
                        <SegmentTrieNode>
                        <ClientPageRoot Component={function AnimationPage} searchParams={{}} params={{}}>
                          <AnimationPage params={Promise} searchParams={Promise}>
                            <main data-orchids-id="src/app/an..." data-orchids-name="main" className="relative h...">
                              <div>
                              <div data-orchids-id="src/app/an..." data-orchids-name="div" className="fixed top-...">
                                <LinkComponent>
                                <div data-orchids-id="src/app/an..." data-orchids-name="div" className="flex items...">
                                  <button>
                                  <button>
                                  <button data-orchids-id="src/app/an..." data-orchids-name="button" ...>
                                    <ChartPie data-orchids-id="src/app/an..." data-orchids-name="Icon" size={12}>
                                      <svg ref={null} xmlns="http://www..." width={12} height={12} viewBox="0 0 24 24" ...>
                                        <path
                                          d="M21 12c.552 0 1.005-.449.95-.998a10 10 0 0 0-8.953-8.951c-.55-.055-.998.3..."
-                                         data-orchid-ref="ref-x4jex2t2sj"
                                        >
                                        <path
                                          d="M21.21 15.89A10 10 0 1 1 8 2.83"
-                                         data-orchid-ref="ref-59k1qplfl6"
                                        >
                                    ...
                                  <button
                                    data-orchids-id="src/app/animations/page.tsx:96:28@demos"
                                    data-orchids-name="button"
                                    onClick={function onClick}
                                    className="flex items-center gap-2 px-3 py-1.5 rounded-md text-[11px] font-medium ..."
-                                   data-orchid-ref="ref-05n2sswqdr"
                                  >
                                    <TrendingUp data-orchids-id="src/app/an..." data-orchids-name="Icon" size={12}>
                                      <svg
                                        ref={null}
                                        xmlns="http://www.w3.org/2000/svg"
                                        width={12}
                                        height={12}
                                        viewBox="0 0 24 24"... [truncated]
2026-02-07T17:54:36.118Z [console][error] A tree hydrated but some attributes of the server rendered HTML didn't match the client properties. This won't be patched up. This can happen if a SSR-ed Client Component used:

- A server/client branch `if (typeof window !== 'undefined')`.
- Variable input such as `Date.now()` or `Math.random()` which changes each time it's called.
- Date formatting in a user's locale which doesn't match the server.
- External changing data without sending a snapshot of it along with the HTML.
- Invalid HTML tag nesting.

It can also happen if the client has a browser extension installed which messes with the HTML before React loaded.

%s%s https://react.dev/link/hydration-mismatch 

  ...
    <RenderFromTemplateContext>
      <ScrollAndFocusHandler segmentPath={[...]}>
        <InnerScrollAndFocusHandler segmentPath={[...]} focusAndScrollRef={{apply:false, ...}}>
          <ErrorBoundary errorComponent={undefined} errorStyles={undefined} errorScripts={undefined}>
            <LoadingBoundary loading={null}>
              <HTTPAccessFallbackBoundary notFound={undefined} forbidden={undefined} unauthorized={undefined}>
                <RedirectBoundary>
                  <RedirectErrorBoundary router={{...}}>
                    <InnerLayoutRouter url="/animations" tree={[...]} cacheNode={{lazyData:null, ...}} ...>
                      <SegmentViewNode type="page" pagePath="/Documents...">
                        <SegmentTrieNode>
                        <ClientPageRoot Component={function AnimationPage} searchParams={{}} params={{}}>
                          <AnimationPage params={Promise} searchParams={Promise}>
                            <main data-orchids-id="src/app/an..." data-orchids-name="main" className="relative h...">
                              <div>
                              <div data-orchids-id="src/app/an..." data-orchids-name="div" className="fixed top-...">
                                <LinkComponent>
                                <div data-orchids-id="...
2026-02-07T17:37:41.397Z [console][error] A tree hydrated but some attributes of the server rendered HTML didn't match the client properties. This won't be patched up. This can happen if a SSR-ed Client Component used:

- A server/client branch `if (typeof window !== 'undefined')`.
- Variable input such as `Date.now()` or `Math.random()` which changes each time it's called.
- Date formatting in a user's locale which doesn't match the server.
- External changing data without sending a snapshot of it along with the HTML.
- Invalid HTML tag nesting.

It can also happen if the client has a browser extension installed which messes with the HTML before React loaded.

%s%s https://react.dev/link/hydration-mismatch 

  ...
    <HotReload assetPrefix="" globalError={[...]}>
      <AppDevOverlayErrorBoundary globalError={[...]}>
        <ReplaySsrOnlyErrors>
        <DevRootHTTPAccessFallbackBoundary>
          <HTTPAccessFallbackBoundary notFound={<NotAllowedRootHTTPFallbackError>}>
            <HTTPAccessFallbackErrorBoundary pathname="/animations" notFound={<NotAllowedRootHTTPFallbackError>} ...>
              <RedirectBoundary>
                <RedirectErrorBoundary router={{...}}>
                  <Head>
                  <__next_root_layout_boundary__>
                    <SegmentViewNode type="layout" pagePath="/Documents...">
                      <SegmentTrieNode>
                      <link>
                      <script>
                      <script>
                      <RootLayout>
                        <html data-orchids-id="src/app/la..." data-orchids-name="html" lang="en" ...>
                          <body
                            data-orchids-id="src/app/layout.tsx:33:6"
                            data-orchids-name="body"
                            className="geist_a71539c9-module__T19VSG__variable geist_mono_8d43a2aa-module__8Li5zG__var..."
-                           data-orchid-ref="ref-ugek63jlct"
                          >
                            ...
                              <SegmentViewNode type="page" pagePath="/Documents...">
                                <SegmentTrieNode>
                                <ClientPageRoot Component={function AnimationPage} searchParams={{}} params={{}}>
                                  <AnimationPage params={Promise} searchParams={Promise}>
                                    <main
                                      data-orchids-id="src/app/animations/page.tsx:65:8"
                                      data-orchids-name="main"
                                      className="relative h-screen w-full flex flex-col items-center justify-center ov..."
-                                     data-orchid-ref="ref-q2y4y33grm"
                                    >
                                      <div
                                        data-orchids-id="src/app/animations/page.tsx:67:12"
                                        data-orchids-name="div"
                                        className="absolute inset-0 opacity-[0.03]"
                                        style={{backgroundImage:"radial-gra...",backgroundSize:"32px 32px"}}
-                                       data-orchid-ref="ref-vja6bhm3u0"
                                      >
                                      <div
                                        data-orchids-id="src/app/animations/page.tsx:73:12"
                                        data-orchids-name="div"
                                        className="fixed top-0 left-0 right-0 z-[200] px-6 py-4 flex items-center just..."
-                                       data-orchid-ref="ref-7rdfvtgakw"
                                      >
                                        <LinkComponent data-orchids-id="src/app/an..." data-orchids-name="Link" href="/" ...>
                                          <a
                                            data-orchids-id="src/app/animations/page.tsx:74:16"
                                            data-orchids... [truncated]
2026-02-07T17:38:47.018Z [console][error] A tree hydrated but some attributes of the server rendered HTML didn't match the client properties. This won't be patched up. This can happen if a SSR-ed Client Component used:

- A server/client branch `if (typeof window !== 'undefined')`.
- Variable input such as `Date.now()` or `Math.random()` which changes each time it's called.
- Date formatting in a user's locale which doesn't match the server.
- External changing data without sending a snapshot of it along with the HTML.
- Invalid HTML tag nesting.

It can also happen if the client has a browser extension installed which messes with the HTML before React loaded.

%s%s https://react.dev/link/hydration-mismatch 

  ...
    <RenderFromTemplateContext>
      <ScrollAndFocusHandler segmentPath={[...]}>
        <InnerScrollAndFocusHandler segmentPath={[...]} focusAndScrollRef={{apply:false, ...}}>
          <ErrorBoundary errorComponent={undefined} errorStyles={undefined} errorScripts={undefined}>
            <LoadingBoundary loading={null}>
              <HTTPAccessFallbackBoundary notFound={undefined} forbidden={undefined} unauthorized={undefined}>
                <RedirectBoundary>
                  <RedirectErrorBoundary router={{...}}>
                    <InnerLayoutRouter url="/animations" tree={[...]} cacheNode={{lazyData:null, ...}} ...>
                      <SegmentViewNode type="page" pagePath="/Documents...">
                        <SegmentTrieNode>
                        <ClientPageRoot Component={function AnimationPage} searchParams={{}} params={{}}>
                          <AnimationPage params={Promise} searchParams={Promise}>
                            <main data-orchids-id="src/app/an..." data-orchids-name="main" className="relative h...">
                              <div>
                              <div data-orchids-id="src/app/an..." data-orchids-name="div" className="fixed top-...">
                                <LinkComponent>
                                <div data-orchids-id="src/app/an..." data-orchids-name="div" className="flex items...">
                                  <button>
                                  <button>
                                  <button>
                                  <button>
                                  <button data-orchids-id="src/app/an..." data-orchids-name="button" ...>
                                    <DollarSign data-orchids-id="src/app/an..." data-orchids-name="Icon" size={12}>
                                      <svg ref={null} xmlns="http://www..." width={12} height={12} viewBox="0 0 24 24" ...>
                                        <line
                                          x1="12"
                                          x2="12"
                                          y1="2"
                                          y2="22"
-                                         data-orchid-ref="ref-xbz1tyz6lx"
                                        >
                                        <path
                                          d="M17 5H9.5a3.5 3.5 0 0 0 0 7h5a3.5 3.5 0 0 1 0 7H6"
-                                         data-orchid-ref="ref-hej46xp9qd"
                                        >
                                    ...
                                  <button
                                    data-orchids-id="src/app/animations/page.tsx:88:28@demos"
                                    data-orchids-name="button"
                                    onClick={function onClick}
                                    className="flex items-center gap-2 px-3 py-1.5 rounded-md text-[11px] font-medium ..."
-                                   data-orchid-ref="ref-xn1r8zauie"
                                  >
                                    <Target data-orchids-id="src/app/an..." data-orchids-name="Icon" size={12}>
                                      <svg
                                        ref={null}
                                        xmlns="http://www.w... [truncated]
2026-02-07T17:40:44.946Z [console][error] A tree hydrated but some attributes of the server rendered HTML didn't match the client properties. This won't be patched up. This can happen if a SSR-ed Client Component used:

- A server/client branch `if (typeof window !== 'undefined')`.
- Variable input such as `Date.now()` or `Math.random()` which changes each time it's called.
- Date formatting in a user's locale which doesn't match the server.
- External changing data without sending a snapshot of it along with the HTML.
- Invalid HTML tag nesting.

It can also happen if the client has a browser extension installed which messes with the HTML before React loaded.

%s%s https://react.dev/link/hydration-mismatch 

  ...
    <RenderFromTemplateContext>
      <ScrollAndFocusHandler segmentPath={[...]}>
        <InnerScrollAndFocusHandler segmentPath={[...]} focusAndScrollRef={{apply:false, ...}}>
          <ErrorBoundary errorComponent={undefined} errorStyles={undefined} errorScripts={undefined}>
            <LoadingBoundary loading={null}>
              <HTTPAccessFallbackBoundary notFound={undefined} forbidden={undefined} unauthorized={undefined}>
                <RedirectBoundary>
                  <RedirectErrorBoundary router={{...}}>
                    <InnerLayoutRouter url="/animations" tree={[...]} cacheNode={{lazyData:null, ...}} ...>
                      <SegmentViewNode type="page" pagePath="/Documents...">
                        <SegmentTrieNode>
                        <ClientPageRoot Component={function AnimationPage} searchParams={{}} params={{}}>
                          <AnimationPage params={Promise} searchParams={Promise}>
                            <main data-orchids-id="src/app/an..." data-orchids-name="main" className="relative h...">
                              <div>
                              <div data-orchids-id="src/app/an..." data-orchids-name="div" className="fixed top-...">
                                <LinkComponent>
                                <div>
                                <div data-orchids-id="src/app/an..." data-orchids-name="div" className="flex items...">
                                  <Monitor data-orchids-id="src/app/an..." data-orchids-name="Monitor" size={13}>
                                    <svg
                                      ref={null}
                                      xmlns="http://www.w3.org/2000/svg"
                                      width={13}
                                      height={13}
                                      viewBox="0 0 24 24"
                                      fill="none"
                                      stroke="currentColor"
                                      strokeWidth={2}
                                      strokeLinecap="round"
                                      strokeLinejoin="round"
                                      className="lucide lucide-monitor"
                                      aria-hidden="true"
                                      data-orchids-id="src/app/animations/page.tsx:105:20"
                                      data-orchids-name="Monitor"
-                                     data-orchid-ref="ref-q3t02mgkx8"
                                    >
                                      <rect
                                        width="20"
                                        height="14"
                                        x="2"
                                        y="3"
                                        rx="2"
-                                       data-orchid-ref="ref-go3a3rmvzi"
                                      >
                                      <line
                                        x1="8"
                                        x2="16"
                                        y1="21"
                                        y2="21"
-                                       data-orchid-ref="ref-tsjy9jw9k5"
                                      >
                                   ... [truncated]
2026-02-07T17:54:36.119Z [console][error] A tree hydrated but some attributes of the server rendered HTML didn't match the client properties. This won't be patched up. This can happen if a SSR-ed Client Component used:

- A server/client branch `if (typeof window !== 'undefined')`.
- Variable input such as `Date.now()` or `Math.random()` which changes each time it's called.
- Date formatting in a user's locale which doesn't match the server.
- External changing data without sending a snapshot of it along with the HTML.
- Invalid HTML tag nesting.

It can also happen if the client has a browser extension installed which messes with the HTML before React loaded.

%s%s https://react.dev/link/hydration-mismatch 

  ...
    <RenderFromTemplateContext>
      <ScrollAndFocusHandler segmentPath={[...]}>
        <InnerScrollAndFocusHandler segmentPath={[...]} focusAndScrollRef={{apply:false, ...}}>
          <ErrorBoundary errorComponent={undefined} errorStyles={undefined} errorScripts={undefined}>
            <LoadingBoundary loading={null}>
              <HTTPAccessFallbackBoundary notFound={undefined} forbidden={undefined} unauthorized={undefined}>
                <RedirectBoundary>
                  <RedirectErrorBoundary router={{...}}>
                    <InnerLayoutRouter url="/animations" tree={[...]} cacheNode={{lazyData:null, ...}} ...>
                      <SegmentViewNode type="page" pagePath="/Documents...">
                        <SegmentTrieNode>
                        <ClientPageRoot Component={function AnimationPage} searchParams={{}} params={{}}>
                          <AnimationPage params={Promise} searchParams={Promise}>
                            <main data-orchids-id="src/app/an..." data-orchids-name="main" className="relative h...">
                              <div>
                              <div data-orchids-id="src/app/an..." data-orchids-name="div" className="fixed top-...">
                                <LinkComponent>
                                <div data-orchids-id="src/app/an..." data-orchids-name="div" className="flex items...">
                                  <button>
                                  <button>
                                  <button data-orchids-id="src/app/an..." data-orchids-name="button" ...>
                                    <ChartPie data-orchids-id="src/app/an..." data-orchids-name="Icon" size={12}>
                                      <svg ref={null} xmlns="http://www..." width={12} height={12} viewBox="0 0 24 24" ...>
                                        <path
                                          d="M21 12c.552 0 1.005-.449.95-.998a10 10 0 0 0-8.953-8.951c-.55-.055-.998.3..."
-                                         data-orchid-ref="ref-x4jex2t2sj"
                                        >
                                        <path
                                          d="M21.21 15.89A10 10 0 1 1 8 2.83"
-                                         data-orchid-ref="ref-59k1qplfl6"
                                        >
                                    ...
                                  <button
                                    data-orchids-id="src/app/animations/page.tsx:96:28@demos"
                                    data-orchids-name="button"
                                    onClick={function onClick}
                                    className="flex items-center gap-2 px-3 py-1.5 rounded-md text-[11px] font-medium ..."
-                                   data-orchid-ref="ref-05n2sswqdr"
                                  >
                                    <TrendingUp data-orchids-id="src/app/an..." data-orchids-name="Icon" size={12}>
                                      <svg
                                        ref={null}
                                        xmlns="http://www.w3.org/2000/svg"
                                        width={12}
                                        height={12}
                                        viewBox="0 0 24 24"... [truncated]
2026-02-07T17:54:36.118Z [console][error] A tree hydrated but some attributes of the server rendered HTML didn't match the client properties. This won't be patched up. This can happen if a SSR-ed Client Component used:

- A server/client branch `if (typeof window !== 'undefined')`.
- Variable input such as `Date.now()` or `Math.random()` which changes each time it's called.
- Date formatting in a user's locale which doesn't match the server.
- External changing data without sending a snapshot of it along with the HTML.
- Invalid HTML tag nesting.

It can also happen if the client has a browser extension installed which messes with the HTML before React loaded.

%s%s https://react.dev/link/hydration-mismatch 

  ...
    <RenderFromTemplateContext>
      <ScrollAndFocusHandler segmentPath={[...]}>
        <InnerScrollAndFocusHandler segmentPath={[...]} focusAndScrollRef={{apply:false, ...}}>
          <ErrorBoundary errorComponent={undefined} errorStyles={undefined} errorScripts={undefined}>
            <LoadingBoundary loading={null}>
              <HTTPAccessFallbackBoundary notFound={undefined} forbidden={undefined} unauthorized={undefined}>
                <RedirectBoundary>
                  <RedirectErrorBoundary router={{...}}>
                    <InnerLayoutRouter url="/animations" tree={[...]} cacheNode={{lazyData:null, ...}} ...>
                      <SegmentViewNode type="page" pagePath="/Documents...">
                        <SegmentTrieNode>
                        <ClientPageRoot Component={function AnimationPage} searchParams={{}} params={{}}>
                          <AnimationPage params={Promise} searchParams={Promise}>
                            <main data-orchids-id="src/app/an..." data-orchids-name="main" className="relative h...">
                              <div>
                              <div data-orchids-id="src/app/an..." data-orchids-name="div" className="fixed top-...">
                                <LinkComponent>
                                <div data-orchids-id="...
2026-02-07T17:36:00.734Z [console][error] A tree hydrated but some attributes of the server rendered HTML didn't match the client properties. This won't be patched up. This can happen if a SSR-ed Client Component used:

- A server/client branch `if (typeof window !== 'undefined')`.
- Variable input such as `Date.now()` or `Math.random()` which changes each time it's called.
- Date formatting in a user's locale which doesn't match the server.
- External changing data without sending a snapshot of it along with the HTML.
- Invalid HTML tag nesting.

It can also happen if the client has a browser extension installed which messes with the HTML before React loaded.

%s%s https://react.dev/link/hydration-mismatch 

  ...
    <LoadingBoundary loading={null}>
      <HTTPAccessFallbackBoundary notFound={undefined} forbidden={undefined} unauthorized={undefined}>
        <RedirectBoundary>
          <RedirectErrorBoundary router={{...}}>
            <InnerLayoutRouter url="/animations" tree={[...]} cacheNode={{lazyData:null, ...}} segmentPath={[...]}>
              <SegmentViewNode type="page" pagePath="/Documents...">
                <SegmentTrieNode>
                <ClientPageRoot Component={function AnimationPage} searchParams={{}} params={{}}>
                  <AnimationPage params={Promise} searchParams={Promise}>
                    <main data-orchids-id="src/app/an..." data-orchids-name="main" className="relative h...">
                      <div>
                      <div>
                      <div data-orchids-id="src/app/an..." data-orchids-name="div" className="relative z..." ...>
                        <div>
                        <div data-orchids-id="src/app/an..." data-orchids-name="div" className="flex-1 bor...">
                          <AutomatedBankingDemo data-orchids-id="src/app/an..." data-orchids-name="DemoComponent">
                            <div data-orchids-id="src/compon..." data-orchids-name="div" ref={{current:null}} ...>
                              ...
                                <motion.div data-orchids-id="src/compon..." data-orchids-name="motion.div" ...>
                                  <div
                                    data-orchids-id="src/components/animations/AutomatedBankingDemo.tsx:120:20"
                                    data-orchids-name="motion.div"
                                    className="absolute inset-0"
                                    style={{opacity:0,transform:"scale(0.98)"}}
                                    ref={function useMotionRef.useCallback}
-                                   data-orchid-ref="ref-l1jr454qqf"
                                  >
                                    <BankingDashboard data-orchids-id="src/compon..." data-orchids-name="BankingDas...">
                                      <div
                                        data-orchids-id="src/components/animations/BankingDashboard.tsx:75:8"
                                        data-orchids-name="div"
                                        className="flex w-full h-full bg-white text-slate-800 overflow-hidden"
                                        style={{fontFamily:"var(--font...",fontSize:"11px"}}
-                                       data-orchid-ref="ref-h1wuc1hden"
                                      >
                                        <aside
                                          data-orchids-id="src/components/animations/BankingDashboard.tsx:77:12"
                                          data-orchids-name="aside"
                                          className="w-[140px] border-r border-gray-100/80 p-3 flex flex-col justify-b..."
-                                         data-orchid-ref="ref-1sfibg3xte"
                                        >
                                          <div
                                            data-orchids-id="src/components/animations/BankingDashboard.tsx:78:16"
                                            data-orchids-name="div"
-              ... [truncated]
2026-02-07T17:37:41.397Z [console][error] A tree hydrated but some attributes of the server rendered HTML didn't match the client properties. This won't be patched up. This can happen if a SSR-ed Client Component used:

- A server/client branch `if (typeof window !== 'undefined')`.
- Variable input such as `Date.now()` or `Math.random()` which changes each time it's called.
- Date formatting in a user's locale which doesn't match the server.
- External changing data without sending a snapshot of it along with the HTML.
- Invalid HTML tag nesting.

It can also happen if the client has a browser extension installed which messes with the HTML before React loaded.

%s%s https://react.dev/link/hydration-mismatch 

  ...
    <HotReload assetPrefix="" globalError={[...]}>
      <AppDevOverlayErrorBoundary globalError={[...]}>
        <ReplaySsrOnlyErrors>
        <DevRootHTTPAccessFallbackBoundary>
          <HTTPAccessFallbackBoundary notFound={<NotAllowedRootHTTPFallbackError>}>
            <HTTPAccessFallbackErrorBoundary pathname="/animations" notFound={<NotAllowedRootHTTPFallbackError>} ...>
              <RedirectBoundary>
                <RedirectErrorBoundary router={{...}}>
                  <Head>
                  <__next_root_layout_boundary__>
                    <SegmentViewNode type="layout" pagePath="/Documents...">
                      <SegmentTrieNode>
                      <link>
                      <script>
                      <script>
                      <RootLayout>
                        <html data-orchids-id="src/app/la..." data-orchids-name="html" lang="en" ...>
                          <body
                            data-orchids-id="src/app/layout.tsx:33:6"
                            data-orchids-name="body"
                            className="geist_a71539c9-module__T19VSG__variable geist_mono_8d43a2aa-module__8Li5zG__var..."
-                           data-orchid-ref="ref-ugek63jlct"
                          >
                            ...
                              <SegmentViewNode type="page" pagePath="/Documents...">
                                <SegmentTrieNode>
                                <ClientPageRoot Component={function AnimationPage} searchParams={{}} params={{}}>
                                  <AnimationPage params={Promise} searchParams={Promise}>
                                    <main
                                      data-orchids-id="src/app/animations/page.tsx:65:8"
                                      data-orchids-name="main"
                                      className="relative h-screen w-full flex flex-col items-center justify-center ov..."
-                                     data-orchid-ref="ref-q2y4y33grm"
                                    >
                                      <div
                                        data-orchids-id="src/app/animations/page.tsx:67:12"
                                        data-orchids-name="div"
                                        className="absolute inset-0 opacity-[0.03]"
                                        style={{backgroundImage:"radial-gra...",backgroundSize:"32px 32px"}}
-                                       data-orchid-ref="ref-vja6bhm3u0"
                                      >
                                      <div
                                        data-orchids-id="src/app/animations/page.tsx:73:12"
                                        data-orchids-name="div"
                                        className="fixed top-0 left-0 right-0 z-[200] px-6 py-4 flex items-center just..."
-                                       data-orchid-ref="ref-7rdfvtgakw"
                                      >
                                        <LinkComponent data-orchids-id="src/app/an..." data-orchids-name="Link" href="/" ...>
                                          <a
                                            data-orchids-id="src/app/animations/page.tsx:74:16"
                                            data-orchids... [truncated]
2026-02-07T17:38:47.018Z [console][error] A tree hydrated but some attributes of the server rendered HTML didn't match the client properties. This won't be patched up. This can happen if a SSR-ed Client Component used:

- A server/client branch `if (typeof window !== 'undefined')`.
- Variable input such as `Date.now()` or `Math.random()` which changes each time it's called.
- Date formatting in a user's locale which doesn't match the server.
- External changing data without sending a snapshot of it along with the HTML.
- Invalid HTML tag nesting.

It can also happen if the client has a browser extension installed which messes with the HTML before React loaded.

%s%s https://react.dev/link/hydration-mismatch 

  ...
    <RenderFromTemplateContext>
      <ScrollAndFocusHandler segmentPath={[...]}>
        <InnerScrollAndFocusHandler segmentPath={[...]} focusAndScrollRef={{apply:false, ...}}>
          <ErrorBoundary errorComponent={undefined} errorStyles={undefined} errorScripts={undefined}>
            <LoadingBoundary loading={null}>
              <HTTPAccessFallbackBoundary notFound={undefined} forbidden={undefined} unauthorized={undefined}>
                <RedirectBoundary>
                  <RedirectErrorBoundary router={{...}}>
                    <InnerLayoutRouter url="/animations" tree={[...]} cacheNode={{lazyData:null, ...}} ...>
                      <SegmentViewNode type="page" pagePath="/Documents...">
                        <SegmentTrieNode>
                        <ClientPageRoot Component={function AnimationPage} searchParams={{}} params={{}}>
                          <AnimationPage params={Promise} searchParams={Promise}>
                            <main data-orchids-id="src/app/an..." data-orchids-name="main" className="relative h...">
                              <div>
                              <div data-orchids-id="src/app/an..." data-orchids-name="div" className="fixed top-...">
                                <LinkComponent>
                                <div data-orchids-id="src/app/an..." data-orchids-name="div" className="flex items...">
                                  <button>
                                  <button>
                                  <button>
                                  <button>
                                  <button data-orchids-id="src/app/an..." data-orchids-name="button" ...>
                                    <DollarSign data-orchids-id="src/app/an..." data-orchids-name="Icon" size={12}>
                                      <svg ref={null} xmlns="http://www..." width={12} height={12} viewBox="0 0 24 24" ...>
                                        <line
                                          x1="12"
                                          x2="12"
                                          y1="2"
                                          y2="22"
-                                         data-orchid-ref="ref-xbz1tyz6lx"
                                        >
                                        <path
                                          d="M17 5H9.5a3.5 3.5 0 0 0 0 7h5a3.5 3.5 0 0 1 0 7H6"
-                                         data-orchid-ref="ref-hej46xp9qd"
                                        >
                                    ...
                                  <button
                                    data-orchids-id="src/app/animations/page.tsx:88:28@demos"
                                    data-orchids-name="button"
                                    onClick={function onClick}
                                    className="flex items-center gap-2 px-3 py-1.5 rounded-md text-[11px] font-medium ..."
-                                   data-orchid-ref="ref-xn1r8zauie"
                                  >
                                    <Target data-orchids-id="src/app/an..." data-orchids-name="Icon" size={12}>
                                      <svg
                                        ref={null}
                                        xmlns="http://www.w... [truncated]
2026-02-07T17:40:44.946Z [console][error] A tree hydrated but some attributes of the server rendered HTML didn't match the client properties. This won't be patched up. This can happen if a SSR-ed Client Component used:

- A server/client branch `if (typeof window !== 'undefined')`.
- Variable input such as `Date.now()` or `Math.random()` which changes each time it's called.
- Date formatting in a user's locale which doesn't match the server.
- External changing data without sending a snapshot of it along with the HTML.
- Invalid HTML tag nesting.

It can also happen if the client has a browser extension installed which messes with the HTML before React loaded.

%s%s https://react.dev/link/hydration-mismatch 

  ...
    <RenderFromTemplateContext>
      <ScrollAndFocusHandler segmentPath={[...]}>
        <InnerScrollAndFocusHandler segmentPath={[...]} focusAndScrollRef={{apply:false, ...}}>
          <ErrorBoundary errorComponent={undefined} errorStyles={undefined} errorScripts={undefined}>
            <LoadingBoundary loading={null}>
              <HTTPAccessFallbackBoundary notFound={undefined} forbidden={undefined} unauthorized={undefined}>
                <RedirectBoundary>
                  <RedirectErrorBoundary router={{...}}>
                    <InnerLayoutRouter url="/animations" tree={[...]} cacheNode={{lazyData:null, ...}} ...>
                      <SegmentViewNode type="page" pagePath="/Documents...">
                        <SegmentTrieNode>
                        <ClientPageRoot Component={function AnimationPage} searchParams={{}} params={{}}>
                          <AnimationPage params={Promise} searchParams={Promise}>
                            <main data-orchids-id="src/app/an..." data-orchids-name="main" className="relative h...">
                              <div>
                              <div data-orchids-id="src/app/an..." data-orchids-name="div" className="fixed top-...">
                                <LinkComponent>
                                <div>
                                <div data-orchids-id="src/app/an..." data-orchids-name="div" className="flex items...">
                                  <Monitor data-orchids-id="src/app/an..." data-orchids-name="Monitor" size={13}>
                                    <svg
                                      ref={null}
                                      xmlns="http://www.w3.org/2000/svg"
                                      width={13}
                                      height={13}
                                      viewBox="0 0 24 24"
                                      fill="none"
                                      stroke="currentColor"
                                      strokeWidth={2}
                                      strokeLinecap="round"
                                      strokeLinejoin="round"
                                      className="lucide lucide-monitor"
                                      aria-hidden="true"
                                      data-orchids-id="src/app/animations/page.tsx:105:20"
                                      data-orchids-name="Monitor"
-                                     data-orchid-ref="ref-q3t02mgkx8"
                                    >
                                      <rect
                                        width="20"
                                        height="14"
                                        x="2"
                                        y="3"
                                        rx="2"
-                                       data-orchid-ref="ref-go3a3rmvzi"
                                      >
                                      <line
                                        x1="8"
                                        x2="16"
                                        y1="21"
                                        y2="21"
-                                       data-orchid-ref="ref-tsjy9jw9k5"
                                      >
                                   ... [truncated]
2026-02-07T17:54:36.119Z [console][error] A tree hydrated but some attributes of the server rendered HTML didn't match the client properties. This won't be patched up. This can happen if a SSR-ed Client Component used:

- A server/client branch `if (typeof window !== 'undefined')`.
- Variable input such as `Date.now()` or `Math.random()` which changes each time it's called.
- Date formatting in a user's locale which doesn't match the server.
- External changing data without sending a snapshot of it along with the HTML.
- Invalid HTML tag nesting.

It can also happen if the client has a browser extension installed which messes with the HTML before React loaded.

%s%s https://react.dev/link/hydration-mismatch 

  ...
    <RenderFromTemplateContext>
      <ScrollAndFocusHandler segmentPath={[...]}>
        <InnerScrollAndFocusHandler segmentPath={[...]} focusAndScrollRef={{apply:false, ...}}>
          <ErrorBoundary errorComponent={undefined} errorStyles={undefined} errorScripts={undefined}>
            <LoadingBoundary loading={null}>
              <HTTPAccessFallbackBoundary notFound={undefined} forbidden={undefined} unauthorized={undefined}>
                <RedirectBoundary>
                  <RedirectErrorBoundary router={{...}}>
                    <InnerLayoutRouter url="/animations" tree={[...]} cacheNode={{lazyData:null, ...}} ...>
                      <SegmentViewNode type="page" pagePath="/Documents...">
                        <SegmentTrieNode>
                        <ClientPageRoot Component={function AnimationPage} searchParams={{}} params={{}}>
                          <AnimationPage params={Promise} searchParams={Promise}>
                            <main data-orchids-id="src/app/an..." data-orchids-name="main" className="relative h...">
                              <div>
                              <div data-orchids-id="src/app/an..." data-orchids-name="div" className="fixed top-...">
                                <LinkComponent>
                                <div data-orchids-id="src/app/an..." data-orchids-name="div" className="flex items...">
                                  <button>
                                  <button>
                                  <button data-orchids-id="src/app/an..." data-orchids-name="button" ...>
                                    <ChartPie data-orchids-id="src/app/an..." data-orchids-name="Icon" size={12}>
                                      <svg ref={null} xmlns="http://www..." width={12} height={12} viewBox="0 0 24 24" ...>
                                        <path
                                          d="M21 12c.552 0 1.005-.449.95-.998a10 10 0 0 0-8.953-8.951c-.55-.055-.998.3..."
-                                         data-orchid-ref="ref-x4jex2t2sj"
                                        >
                                        <path
                                          d="M21.21 15.89A10 10 0 1 1 8 2.83"
-                                         data-orchid-ref="ref-59k1qplfl6"
                                        >
                                    ...
                                  <button
                                    data-orchids-id="src/app/animations/page.tsx:96:28@demos"
                                    data-orchids-name="button"
                                    onClick={function onClick}
                                    className="flex items-center gap-2 px-3 py-1.5 rounded-md text-[11px] font-medium ..."
-                                   data-orchid-ref="ref-05n2sswqdr"
                                  >
                                    <TrendingUp data-orchids-id="src/app/an..." data-orchids-name="Icon" size={12}>
                                      <svg
                                        ref={null}
                                        xmlns="http://www.w3.org/2000/svg"
                                        width={12}
                                        height={12}
                                        viewBox="0 0 24 24"... [truncated]
2026-02-07T17:57:42.464Z [console][error] A tree hydrated but some attributes of the server rendered HTML didn't match the client properties. This won't be patched up. This can happen if a SSR-ed Client Component used:

- A server/client branch `if (typeof window !== 'undefined')`.
- Variable input such as `Date.now()` or `Math.random()` which changes each time it's called.
- Date formatting in a user's locale which doesn't match the server.
- External changing data without sending a snapshot of it along with the HTML.
- Invalid HTML tag nesting.

It can also happen if the client has a browser extension installed which messes with the HTML before React loaded.

%s%s https://react.dev/link/hydration-mismatch 

  ...
    <RenderFromTemplateContext>
      <ScrollAndFocusHandler segmentPath={[...]}>
        <InnerScrollAndFocusHandler segmentPath={[...]} focusAndScrollRef={{apply:false, ...}}>
          <ErrorBoundary errorComponent={undefined} errorStyles={undefined} errorScripts={undefined}>
            <LoadingBoundary loading={null}>
              <HTTPAccessFallbackBoundary notFound={undefined} forbidden={undefined} unauthorized={undefined}>
                <RedirectBoundary>
                  <RedirectErrorBoundary router={{...}}>
                    <InnerLayoutRouter url="/animations" tree={[...]} cacheNode={{lazyData:null, ...}} ...>
                      <SegmentViewNode type="page" pagePath="/Documents...">
                        <SegmentTrieNode>
                        <ClientPageRoot Component={function AnimationPage} searchParams={{}} params={{}}>
                          <AnimationPage params={Promise} searchParams={Promise}>
                            <main data-orchids-id="src/app/an..." data-orchids-name="main" className="relative h...">
                              <div>
                              <div data-orchids-id="src/app/an..." data-orchids-name="div" className="fixed top-...">
                                <LinkComponent>
                                <div
                                  data-orchids-id="src/app/animations/page.tsx:91:16"
                                  data-orchids-name="div"
                                  className="flex items-center gap-1 bg-white/80 backdrop-blur-xl border border-slate-..."
-                                 data-orchid-ref="ref-qwu9duxfha"
                                >
                                  <button
                                    data-orchids-id="src/app/animations/page.tsx:96:28@demos"
                                    data-orchids-name="button"
                                    onClick={function onClick}
                                    className="flex items-center gap-2 px-3 py-1.5 rounded-md text-[11px] font-medium ..."
-                                   data-orchid-ref="ref-cf4lgxz1vm"
                                  >
                                    <ChartColumn data-orchids-id="src/app/an..." data-orchids-name="Icon" size={12}>
                                      <svg
                                        ref={null}
                                        xmlns="http://www.w3.org/2000/svg"
                                        width={12}
                                        height={12}
                                        viewBox="0 0 24 24"
                                        fill="none"
                                        stroke="currentColor"
                                        strokeWidth={2}
                                        strokeLinecap="round"
                                        strokeLinejoin="round"
                                        className="lucide lucide-chart-column"
                                        aria-hidden="true"
                                        data-orchids-id="src/app/animations/page.tsx:105:32@demos"
                                        data-orchids-name="Icon"
-                                       data-orchid-ref="ref-3x57baasl2"
                                      >
... [truncated]
2026-02-07T18:00:42.729Z [console][error] A tree hydrated but some attributes of the server rendered HTML didn't match the client properties. This won't be patched up. This can happen if a SSR-ed Client Component used:

- A server/client branch `if (typeof window !== 'undefined')`.
- Variable input such as `Date.now()` or `Math.random()` which changes each time it's called.
- Date formatting in a user's locale which doesn't match the server.
- External changing data without sending a snapshot of it along with the HTML.
- Invalid HTML tag nesting.

It can also happen if the client has a browser extension installed which messes with the HTML before React loaded.

%s%s https://react.dev/link/hydration-mismatch 

  ...
    <LoadingBoundary loading={null}>
      <HTTPAccessFallbackBoundary notFound={undefined} forbidden={undefined} unauthorized={undefined}>
        <RedirectBoundary>
          <RedirectErrorBoundary router={{...}}>
            <InnerLayoutRouter url="/animations" tree={[...]} cacheNode={{lazyData:null, ...}} segmentPath={[...]}>
              <SegmentViewNode type="page" pagePath="/Documents...">
                <SegmentTrieNode>
                <ClientPageRoot Component={function AnimationPage} searchParams={{}} params={{}}>
                  <AnimationPage params={Promise} searchParams={Promise}>
                    <main data-orchids-id="src/app/an..." data-orchids-name="main" className="relative h...">
                      <div>
                      <div>
                      <div data-orchids-id="src/app/an..." data-orchids-name="div" className="relative z..." ...>
                        <div>
                        <div data-orchids-id="src/app/an..." data-orchids-name="div" className="flex-1 bor...">
                          <AutomatedBankingDemo data-orchids-id="src/app/an..." data-orchids-name="DemoComponent">
                            <div data-orchids-id="src/compon..." data-orchids-name="div" ref={{current:null}} ...>
                              ...
                                <div data-orchids-id="src/compon..." data-orchids-name="motion.div" ...>
                                  <BankingDashboard data-orchids-id="src/compon..." data-orchids-name="BankingDas...">
                                    <div
                                      data-orchids-id="src/components/animations/BankingDashboard.tsx:75:8"
                                      data-orchids-name="div"
                                      className="flex w-full h-full bg-white text-slate-800 overflow-hidden"
                                      style={{fontFamily:"var(--font...",fontSize:"11px"}}
-                                     data-orchid-ref="ref-q2d06zo37w"
                                    >
                                      <aside
                                        data-orchids-id="src/components/animations/BankingDashboard.tsx:77:12"
                                        data-orchids-name="aside"
                                        className="w-[140px] border-r border-gray-100/80 p-3 flex flex-col justify-bet..."
-                                       data-orchid-ref="ref-of5cy6ur7m"
                                      >
                                        <div
                                          data-orchids-id="src/components/animations/BankingDashboard.tsx:78:16"
                                          data-orchids-name="div"
-                                         data-orchid-ref="ref-ve7lkqytt8"
                                        >
                                          <div
                                            data-orchids-id="src/components/animations/BankingDashboard.tsx:79:20"
                                            data-orchids-name="div"
                                            className="flex items-center gap-1.5 mb-5 px-0.5"
-                                           data-orchid-ref="ref-xd2017lluw"
                                          >
                                    ... [truncated]
2026-02-07T18:01:57.839Z [console][error] A tree hydrated but some attributes of the server rendered HTML didn't match the client properties. This won't be patched up. This can happen if a SSR-ed Client Component used:

- A server/client branch `if (typeof window !== 'undefined')`.
- Variable input such as `Date.now()` or `Math.random()` which changes each time it's called.
- Date formatting in a user's locale which doesn't match the server.
- External changing data without sending a snapshot of it along with the HTML.
- Invalid HTML tag nesting.

It can also happen if the client has a browser extension installed which messes with the HTML before React loaded.

%s%s https://react.dev/link/hydration-mismatch 

  ...
    <RenderFromTemplateContext>
      <ScrollAndFocusHandler segmentPath={[...]}>
        <InnerScrollAndFocusHandler segmentPath={[...]} focusAndScrollRef={{apply:false, ...}}>
          <ErrorBoundary errorComponent={undefined} errorStyles={undefined} errorScripts={undefined}>
            <LoadingBoundary loading={null}>
              <HTTPAccessFallbackBoundary notFound={undefined} forbidden={undefined} unauthorized={undefined}>
                <RedirectBoundary>
                  <RedirectErrorBoundary router={{...}}>
                    <InnerLayoutRouter url="/animations" tree={[...]} cacheNode={{lazyData:null, ...}} ...>
                      <SegmentViewNode type="page" pagePath="/Documents...">
                        <SegmentTrieNode>
                        <ClientPageRoot Component={function AnimationPage} searchParams={{}} params={{}}>
                          <AnimationPage params={Promise} searchParams={Promise}>
                            <main data-orchids-id="src/app/an..." data-orchids-name="main" className="relative h...">
                              <div>
                              <div data-orchids-id="src/app/an..." data-orchids-name="div" className="fixed top-...">
                                <LinkComponent>
                                <div data-orchids-id="src/app/an..." data-orchids-name="div" className="flex items...">
                                  <button>
                                  <button>
                                  <button>
                                  <button>
                                  <button>
                                  <button data-orchids-id="src/app/an..." data-orchids-name="button" ...>
                                    <Target data-orchids-id="src/app/an..." data-orchids-name="Icon" size={12}>
                                      <svg
                                        ref={null}
                                        xmlns="http://www.w3.org/2000/svg"
                                        width={12}
                                        height={12}
                                        viewBox="0 0 24 24"
                                        fill="none"
                                        stroke="currentColor"
                                        strokeWidth={2}
                                        strokeLinecap="round"
                                        strokeLinejoin="round"
                                        className="lucide lucide-target"
                                        aria-hidden="true"
                                        data-orchids-id="src/app/animations/page.tsx:105:32@demos"
                                        data-orchids-name="Icon"
-                                       data-orchid-ref="ref-z4e60dg5qq"
                                      >
                                        <circle
                                          cx="12"
                                          cy="12"
                                          r="10"
-                                         data-orchid-ref="ref-3pyn7yrbjc"
                                        >
                                        <circle
                                          cx="12"
                                          cy="12"
   ... [truncated]
2026-02-07T18:03:05.284Z [console][error] A tree hydrated but some attributes of the server rendered HTML didn't match the client properties. This won't be patched up. This can happen if a SSR-ed Client Component used:

- A server/client branch `if (typeof window !== 'undefined')`.
- Variable input such as `Date.now()` or `Math.random()` which changes each time it's called.
- Date formatting in a user's locale which doesn't match the server.
- External changing data without sending a snapshot of it along with the HTML.
- Invalid HTML tag nesting.

It can also happen if the client has a browser extension installed which messes with the HTML before React loaded.

%s%s https://react.dev/link/hydration-mismatch 

  ...
    <HotReload assetPrefix="" globalError={[...]}>
      <AppDevOverlayErrorBoundary globalError={[...]}>
        <ReplaySsrOnlyErrors>
        <DevRootHTTPAccessFallbackBoundary>
          <HTTPAccessFallbackBoundary notFound={<NotAllowedRootHTTPFallbackError>}>
            <HTTPAccessFallbackErrorBoundary pathname="/animations" notFound={<NotAllowedRootHTTPFallbackError>} ...>
              <RedirectBoundary>
                <RedirectErrorBoundary router={{...}}>
                  <Head>
                  <__next_root_layout_boundary__>
                    <SegmentViewNode type="layout" pagePath="/Documents...">
                      <SegmentTrieNode>
                      <link>
                      <script>
                      <script>
                      <RootLayout>
                        <html data-orchids-id="src/app/la..." data-orchids-name="html" lang="en" ...>
                          <body
                            data-orchids-id="src/app/layout.tsx:33:6"
                            data-orchids-name="body"
                            className="geist_a71539c9-module__T19VSG__variable geist_mono_8d43a2aa-module__8Li5zG__var..."
-                           data-orchid-ref="ref-q0eq1d0962"
                          >
                            ...
                              <SegmentViewNode type="page" pagePath="/Documents...">
                                <SegmentTrieNode>
                                <ClientPageRoot Component={function AnimationPage} searchParams={{}} params={{}}>
                                  <AnimationPage params={Promise} searchParams={Promise}>
                                    <main
                                      data-orchids-id="src/app/animations/page.tsx:73:8"
                                      data-orchids-name="main"
                                      className="relative h-screen w-full flex flex-col items-center justify-center ov..."
-                                     data-orchid-ref="ref-7phjj0vvaa"
                                    >
                                      <div
                                        data-orchids-id="src/app/animations/page.tsx:75:12"
                                        data-orchids-name="div"
                                        className="absolute inset-0 opacity-[0.03]"
                                        style={{backgroundImage:"radial-gra...",backgroundSize:"32px 32px"}}
-                                       data-orchid-ref="ref-m1n699im9z"
                                      >
                                      <div
                                        data-orchids-id="src/app/animations/page.tsx:81:12"
                                        data-orchids-name="div"
                                        className="fixed top-0 left-0 right-0 z-[200] px-6 py-4 flex items-center just..."
-                                       data-orchid-ref="ref-re7e0c2n74"
                                      >
                                        <LinkComponent data-orchids-id="src/app/an..." data-orchids-name="Link" href="/" ...>
                                          <a
                                            data-orchids-id="src/app/animations/page.tsx:82:16"
                                            data-orchids... [truncated]
2026-02-07T18:03:05.282Z [console][error] A tree hydrated but some attributes of the server rendered HTML didn't match the client properties. This won't be patched up. This can happen if a SSR-ed Client Component used:

- A server/client branch `if (typeof window !== 'undefined')`.
- Variable input such as `Date.now()` or `Math.random()` which changes each time it's called.
- Date formatting in a user's locale which doesn't match the server.
- External changing data without sending a snapshot of it along with the HTML.
- Invalid HTML tag nesting.

It can also happen if the client has a browser extension installed which messes with the HTML before React loaded.

%s%s https://react.dev/link/hydration-mismatch 

  ...
    <HotReload assetPrefix="" globalError={[...]}>
      <AppDevOverlayErrorBoundary globalError={[...]}>
        <ReplaySsrOnlyErrors>
        <DevRootHTTPAccessFallbackBoundary>
          <HTTPAccessFallbackBoundary notFound={<NotAllowedRootHTTPFallbackError>}>
            <HTTPAccessFallbackErrorBoundary pathname="/animations" notFound={<NotAllowedRootHTTPFallbackError>} ...>
              <RedirectBoundary>
                <RedirectErrorBoundary router={{...}}>
                  <Head>
                  <__next_root_layout_boundary__>
                    <SegmentViewNode type="layout" pagePath="/Documents...">
                      <SegmentTrieNode>
                      <link>
                      <script>
                      <script>
                      <RootLayout>
                        <html data-orchids-id="src/app/la..." data-orchids-name="html" lang="en" ...>
                          <body
                            data-orchids-id="src/app/layout.tsx:33:6"
                            data-orchids-name="body"
                            className="geist_a71539c9-module__T19VSG__variable geist_mono_8d43a2aa-module__8Li5zG__var..."
-                           data-orchid-ref="ref-q0eq1d0962"
                          >
                            ...
                            ...
2026-02-07T18:00:42.729Z [console][error] A tree hydrated but some attributes of the server rendered HTML didn't match the client properties. This won't be patched up. This can happen if a SSR-ed Client Component used:

- A server/client branch `if (typeof window !== 'undefined')`.
- Variable input such as `Date.now()` or `Math.random()` which changes each time it's called.
- Date formatting in a user's locale which doesn't match the server.
- External changing data without sending a snapshot of it along with the HTML.
- Invalid HTML tag nesting.

It can also happen if the client has a browser extension installed which messes with the HTML before React loaded.

%s%s https://react.dev/link/hydration-mismatch 

  ...
    <LoadingBoundary loading={null}>
      <HTTPAccessFallbackBoundary notFound={undefined} forbidden={undefined} unauthorized={undefined}>
        <RedirectBoundary>
          <RedirectErrorBoundary router={{...}}>
            <InnerLayoutRouter url="/animations" tree={[...]} cacheNode={{lazyData:null, ...}} segmentPath={[...]}>
              <SegmentViewNode type="page" pagePath="/Documents...">
                <SegmentTrieNode>
                <ClientPageRoot Component={function AnimationPage} searchParams={{}} params={{}}>
                  <AnimationPage params={Promise} searchParams={Promise}>
                    <main data-orchids-id="src/app/an..." data-orchids-name="main" className="relative h...">
                      <div>
                      <div>
                      <div data-orchids-id="src/app/an..." data-orchids-name="div" className="relative z..." ...>
                        <div>
                        <div data-orchids-id="src/app/an..." data-orchids-name="div" className="flex-1 bor...">
                          <AutomatedBankingDemo data-orchids-id="src/app/an..." data-orchids-name="DemoComponent">
                            <div data-orchids-id="src/compon..." data-orchids-name="div" ref={{current:null}} ...>
                              ...
                                <div data-orchids-id="src/compon..." data-orchids-name="motion.div" ...>
                                  <BankingDashboard data-orchids-id="src/compon..." data-orchids-name="BankingDas...">
                                    <div
                                      data-orchids-id="src/components/animations/BankingDashboard.tsx:75:8"
                                      data-orchids-name="div"
                                      className="flex w-full h-full bg-white text-slate-800 overflow-hidden"
                                      style={{fontFamily:"var(--font...",fontSize:"11px"}}
-                                     data-orchid-ref="ref-q2d06zo37w"
                                    >
                                      <aside
                                        data-orchids-id="src/components/animations/BankingDashboard.tsx:77:12"
                                        data-orchids-name="aside"
                                        className="w-[140px] border-r border-gray-100/80 p-3 flex flex-col justify-bet..."
-                                       data-orchid-ref="ref-of5cy6ur7m"
                                      >
                                        <div
                                          data-orchids-id="src/components/animations/BankingDashboard.tsx:78:16"
                                          data-orchids-name="div"
-                                         data-orchid-ref="ref-ve7lkqytt8"
                                        >
                                          <div
                                            data-orchids-id="src/components/animations/BankingDashboard.tsx:79:20"
                                            data-orchids-name="div"
                                            className="flex items-center gap-1.5 mb-5 px-0.5"
-                                           data-orchid-ref="ref-xd2017lluw"
                                          >
                                    ... [truncated]
2026-02-07T18:01:57.839Z [console][error] A tree hydrated but some attributes of the server rendered HTML didn't match the client properties. This won't be patched up. This can happen if a SSR-ed Client Component used:

- A server/client branch `if (typeof window !== 'undefined')`.
- Variable input such as `Date.now()` or `Math.random()` which changes each time it's called.
- Date formatting in a user's locale which doesn't match the server.
- External changing data without sending a snapshot of it along with the HTML.
- Invalid HTML tag nesting.

It can also happen if the client has a browser extension installed which messes with the HTML before React loaded.

%s%s https://react.dev/link/hydration-mismatch 

  ...
    <RenderFromTemplateContext>
      <ScrollAndFocusHandler segmentPath={[...]}>
        <InnerScrollAndFocusHandler segmentPath={[...]} focusAndScrollRef={{apply:false, ...}}>
          <ErrorBoundary errorComponent={undefined} errorStyles={undefined} errorScripts={undefined}>
            <LoadingBoundary loading={null}>
              <HTTPAccessFallbackBoundary notFound={undefined} forbidden={undefined} unauthorized={undefined}>
                <RedirectBoundary>
                  <RedirectErrorBoundary router={{...}}>
                    <InnerLayoutRouter url="/animations" tree={[...]} cacheNode={{lazyData:null, ...}} ...>
                      <SegmentViewNode type="page" pagePath="/Documents...">
                        <SegmentTrieNode>
                        <ClientPageRoot Component={function AnimationPage} searchParams={{}} params={{}}>
                          <AnimationPage params={Promise} searchParams={Promise}>
                            <main data-orchids-id="src/app/an..." data-orchids-name="main" className="relative h...">
                              <div>
                              <div data-orchids-id="src/app/an..." data-orchids-name="div" className="fixed top-...">
                                <LinkComponent>
                                <div data-orchids-id="src/app/an..." data-orchids-name="div" className="flex items...">
                                  <button>
                                  <button>
                                  <button>
                                  <button>
                                  <button>
                                  <button data-orchids-id="src/app/an..." data-orchids-name="button" ...>
                                    <Target data-orchids-id="src/app/an..." data-orchids-name="Icon" size={12}>
                                      <svg
                                        ref={null}
                                        xmlns="http://www.w3.org/2000/svg"
                                        width={12}
                                        height={12}
                                        viewBox="0 0 24 24"
                                        fill="none"
                                        stroke="currentColor"
                                        strokeWidth={2}
                                        strokeLinecap="round"
                                        strokeLinejoin="round"
                                        className="lucide lucide-target"
                                        aria-hidden="true"
                                        data-orchids-id="src/app/animations/page.tsx:105:32@demos"
                                        data-orchids-name="Icon"
-                                       data-orchid-ref="ref-z4e60dg5qq"
                                      >
                                        <circle
                                          cx="12"
                                          cy="12"
                                          r="10"
-                                         data-orchid-ref="ref-3pyn7yrbjc"
                                        >
                                        <circle
                                          cx="12"
                                          cy="12"
   ... [truncated]
2026-02-07T18:03:05.284Z [console][error] A tree hydrated but some attributes of the server rendered HTML didn't match the client properties. This won't be patched up. This can happen if a SSR-ed Client Component used:

- A server/client branch `if (typeof window !== 'undefined')`.
- Variable input such as `Date.now()` or `Math.random()` which changes each time it's called.
- Date formatting in a user's locale which doesn't match the server.
- External changing data without sending a snapshot of it along with the HTML.
- Invalid HTML tag nesting.

It can also happen if the client has a browser extension installed which messes with the HTML before React loaded.

%s%s https://react.dev/link/hydration-mismatch 

  ...
    <HotReload assetPrefix="" globalError={[...]}>
      <AppDevOverlayErrorBoundary globalError={[...]}>
        <ReplaySsrOnlyErrors>
        <DevRootHTTPAccessFallbackBoundary>
          <HTTPAccessFallbackBoundary notFound={<NotAllowedRootHTTPFallbackError>}>
            <HTTPAccessFallbackErrorBoundary pathname="/animations" notFound={<NotAllowedRootHTTPFallbackError>} ...>
              <RedirectBoundary>
                <RedirectErrorBoundary router={{...}}>
                  <Head>
                  <__next_root_layout_boundary__>
                    <SegmentViewNode type="layout" pagePath="/Documents...">
                      <SegmentTrieNode>
                      <link>
                      <script>
                      <script>
                      <RootLayout>
                        <html data-orchids-id="src/app/la..." data-orchids-name="html" lang="en" ...>
                          <body
                            data-orchids-id="src/app/layout.tsx:33:6"
                            data-orchids-name="body"
                            className="geist_a71539c9-module__T19VSG__variable geist_mono_8d43a2aa-module__8Li5zG__var..."
-                           data-orchid-ref="ref-q0eq1d0962"
                          >
                            ...
                              <SegmentViewNode type="page" pagePath="/Documents...">
                                <SegmentTrieNode>
                                <ClientPageRoot Component={function AnimationPage} searchParams={{}} params={{}}>
                                  <AnimationPage params={Promise} searchParams={Promise}>
                                    <main
                                      data-orchids-id="src/app/animations/page.tsx:73:8"
                                      data-orchids-name="main"
                                      className="relative h-screen w-full flex flex-col items-center justify-center ov..."
-                                     data-orchid-ref="ref-7phjj0vvaa"
                                    >
                                      <div
                                        data-orchids-id="src/app/animations/page.tsx:75:12"
                                        data-orchids-name="div"
                                        className="absolute inset-0 opacity-[0.03]"
                                        style={{backgroundImage:"radial-gra...",backgroundSize:"32px 32px"}}
-                                       data-orchid-ref="ref-m1n699im9z"
                                      >
                                      <div
                                        data-orchids-id="src/app/animations/page.tsx:81:12"
                                        data-orchids-name="div"
                                        className="fixed top-0 left-0 right-0 z-[200] px-6 py-4 flex items-center just..."
-                                       data-orchid-ref="ref-re7e0c2n74"
                                      >
                                        <LinkComponent data-orchids-id="src/app/an..." data-orchids-name="Link" href="/" ...>
                                          <a
                                            data-orchids-id="src/app/animations/page.tsx:82:16"
                                            data-orchids... [truncated]
2026-02-07T18:07:46.372Z [console][error] A tree hydrated but some attributes of the server rendered HTML didn't match the client properties. This won't be patched up. This can happen if a SSR-ed Client Component used:

- A server/client branch `if (typeof window !== 'undefined')`.
- Variable input such as `Date.now()` or `Math.random()` which changes each time it's called.
- Date formatting in a user's locale which doesn't match the server.
- External changing data without sending a snapshot of it along with the HTML.
- Invalid HTML tag nesting.

It can also happen if the client has a browser extension installed which messes with the HTML before React loaded.

%s%s https://react.dev/link/hydration-mismatch 

  ...
    <RenderFromTemplateContext>
      <ScrollAndFocusHandler segmentPath={[...]}>
        <InnerScrollAndFocusHandler segmentPath={[...]} focusAndScrollRef={{apply:false, ...}}>
          <ErrorBoundary errorComponent={undefined} errorStyles={undefined} errorScripts={undefined}>
            <LoadingBoundary loading={null}>
              <HTTPAccessFallbackBoundary notFound={undefined} forbidden={undefined} unauthorized={undefined}>
                <RedirectBoundary>
                  <RedirectErrorBoundary router={{...}}>
                    <InnerLayoutRouter url="/animations" tree={[...]} cacheNode={{lazyData:null, ...}} ...>
                      <SegmentViewNode type="page" pagePath="/Documents...">
                        <SegmentTrieNode>
                        <ClientPageRoot Component={function AnimationPage} searchParams={{}} params={{}}>
                          <AnimationPage params={Promise} searchParams={Promise}>
                            <main
                              data-orchids-id="src/app/animations/page.tsx:81:8"
                              data-orchids-name="main"
                              className="relative h-screen w-full flex flex-col items-center justify-center overflow-h..."
-                             data-orchid-ref="ref-tgz7g1876f"
                            >
                              <div
                                data-orchids-id="src/app/animations/page.tsx:83:12"
                                data-orchids-name="div"
                                className="absolute inset-0 opacity-[0.03]"
                                style={{backgroundImage:"radial-gra...",backgroundSize:"32px 32px"}}
-                               data-orchid-ref="ref-vaq9mlcof5"
                              >
                              <div
                                data-orchids-id="src/app/animations/page.tsx:89:12"
                                data-orchids-name="div"
                                className="fixed top-0 left-0 right-0 z-[200] px-6 py-4 flex items-center justify-between"
-                               data-orchid-ref="ref-w0fk52ynj8"
                              >
                                <LinkComponent data-orchids-id="src/app/an..." data-orchids-name="Link" href="/" ...>
                                  <a
                                    data-orchids-id="src/app/animations/page.tsx:90:16"
                                    data-orchids-name="Link"
                                    className="flex items-center gap-2 text-slate-400 hover:text-slate-700 transition-..."
                                    ref={function}
                                    onClick={function onClick}
                                    onMouseEnter={function onMouseEnter}
                                    onTouchStart={function onTouchStart}
                                    href="/"
-                                   data-orchid-ref="ref-ztxrdwdmfl"
                                  >
                                    <ArrowLeft data-orchids-id="src/app/an..." data-orchids-name="ArrowLeft" size={13}>
                                      <svg
                                        ref={null}
                                        xmlns="http://www.w3.org/2000/svg"
                  ... [truncated]
2026-02-07T18:07:46.370Z [console][error] A tree hydrated but some attributes of the server rendered HTML didn't match the client properties. This won't be patched up. This can happen if a SSR-ed Client Component used:

- A server/client branch `if (typeof window !== 'undefined')`.
- Variable input such as `Date.now()` or `Math.random()` which changes each time it's called.
- Date formatting in a user's locale which doesn't match the server.
- External changing data without sending a snapshot of it along with the HTML.
- Invalid HTML tag nesting.

It can also happen if the client has a browser extension installed which messes with the HTML before React loaded.

%s%s https://react.dev/link/hydration-mismatch 

  ...
    <RenderFromTemplateContext>
      <ScrollAndFocusHandler segmentPath={[...]}>
        <InnerScrollAndFocusHandler segmentPath={[...]} focusAndScrollRef={{apply:false, ...}}>
          <ErrorBoundary errorComponent={undefined} errorStyles={undefined} errorScripts={undefined}>
            <LoadingBoundary loading={null}>
              <HTTPAccessFallbackBoundary notFound={undefined} forbidden={undefined} unauthorized={undefined}>
                <RedirectBoundary>
                  <RedirectErrorBoundary router={{...}}>
                    <InnerLayoutRouter url="/animations" tree={[...]} cacheNode={{lazyData:null, ...}} ...>
                      <SegmentViewNode type="page" pagePath="/Documents...">
                        <SegmentTrieNode>
                        <ClientPageRoot Component={function AnimationPage} searchParams={{}} params={{}}>
                          <AnimationPage params={Promise} searchParams={Promise}>
                            <main
                              data-orchids-id="src/app/animations/page.tsx:81:8"
                              data-orchids-name="main"
                              className="relative h-screen w-full flex flex-col items-center justify-center overflow-h..."
-                             data-orchid-ref="ref-tgz7g1876f"
                  ...
2026-02-07T17:38:47.018Z [console][error] A tree hydrated but some attributes of the server rendered HTML didn't match the client properties. This won't be patched up. This can happen if a SSR-ed Client Component used:

- A server/client branch `if (typeof window !== 'undefined')`.
- Variable input such as `Date.now()` or `Math.random()` which changes each time it's called.
- Date formatting in a user's locale which doesn't match the server.
- External changing data without sending a snapshot of it along with the HTML.
- Invalid HTML tag nesting.

It can also happen if the client has a browser extension installed which messes with the HTML before React loaded.

%s%s https://react.dev/link/hydration-mismatch 

  ...
    <RenderFromTemplateContext>
      <ScrollAndFocusHandler segmentPath={[...]}>
        <InnerScrollAndFocusHandler segmentPath={[...]} focusAndScrollRef={{apply:false, ...}}>
          <ErrorBoundary errorComponent={undefined} errorStyles={undefined} errorScripts={undefined}>
            <LoadingBoundary loading={null}>
              <HTTPAccessFallbackBoundary notFound={undefined} forbidden={undefined} unauthorized={undefined}>
                <RedirectBoundary>
                  <RedirectErrorBoundary router={{...}}>
                    <InnerLayoutRouter url="/animations" tree={[...]} cacheNode={{lazyData:null, ...}} ...>
                      <SegmentViewNode type="page" pagePath="/Documents...">
                        <SegmentTrieNode>
                        <ClientPageRoot Component={function AnimationPage} searchParams={{}} params={{}}>
                          <AnimationPage params={Promise} searchParams={Promise}>
                            <main data-orchids-id="src/app/an..." data-orchids-name="main" className="relative h...">
                              <div>
                              <div data-orchids-id="src/app/an..." data-orchids-name="div" className="fixed top-...">
                                <LinkComponent>
                                <div data-orchids-id="src/app/an..." data-orchids-name="div" className="flex items...">
                                  <button>
                                  <button>
                                  <button>
                                  <button>
                                  <button data-orchids-id="src/app/an..." data-orchids-name="button" ...>
                                    <DollarSign data-orchids-id="src/app/an..." data-orchids-name="Icon" size={12}>
                                      <svg ref={null} xmlns="http://www..." width={12} height={12} viewBox="0 0 24 24" ...>
                                        <line
                                          x1="12"
                                          x2="12"
                                          y1="2"
                                          y2="22"
-                                         data-orchid-ref="ref-xbz1tyz6lx"
                                        >
                                        <path
                                          d="M17 5H9.5a3.5 3.5 0 0 0 0 7h5a3.5 3.5 0 0 1 0 7H6"
-                                         data-orchid-ref="ref-hej46xp9qd"
                                        >
                                    ...
                                  <button
                                    data-orchids-id="src/app/animations/page.tsx:88:28@demos"
                                    data-orchids-name="button"
                                    onClick={function onClick}
                                    className="flex items-center gap-2 px-3 py-1.5 rounded-md text-[11px] font-medium ..."
-                                   data-orchid-ref="ref-xn1r8zauie"
                                  >
                                    <Target data-orchids-id="src/app/an..." data-orchids-name="Icon" size={12}>
                                      <svg
                                        ref={null}
                                        xmlns="http://www.w... [truncated]
2026-02-07T17:40:44.946Z [console][error] A tree hydrated but some attributes of the server rendered HTML didn't match the client properties. This won't be patched up. This can happen if a SSR-ed Client Component used:

- A server/client branch `if (typeof window !== 'undefined')`.
- Variable input such as `Date.now()` or `Math.random()` which changes each time it's called.
- Date formatting in a user's locale which doesn't match the server.
- External changing data without sending a snapshot of it along with the HTML.
- Invalid HTML tag nesting.

It can also happen if the client has a browser extension installed which messes with the HTML before React loaded.

%s%s https://react.dev/link/hydration-mismatch 

  ...
    <RenderFromTemplateContext>
      <ScrollAndFocusHandler segmentPath={[...]}>
        <InnerScrollAndFocusHandler segmentPath={[...]} focusAndScrollRef={{apply:false, ...}}>
          <ErrorBoundary errorComponent={undefined} errorStyles={undefined} errorScripts={undefined}>
            <LoadingBoundary loading={null}>
              <HTTPAccessFallbackBoundary notFound={undefined} forbidden={undefined} unauthorized={undefined}>
                <RedirectBoundary>
                  <RedirectErrorBoundary router={{...}}>
                    <InnerLayoutRouter url="/animations" tree={[...]} cacheNode={{lazyData:null, ...}} ...>
                      <SegmentViewNode type="page" pagePath="/Documents...">
                        <SegmentTrieNode>
                        <ClientPageRoot Component={function AnimationPage} searchParams={{}} params={{}}>
                          <AnimationPage params={Promise} searchParams={Promise}>
                            <main data-orchids-id="src/app/an..." data-orchids-name="main" className="relative h...">
                              <div>
                              <div data-orchids-id="src/app/an..." data-orchids-name="div" className="fixed top-...">
                                <LinkComponent>
                                <div>
                                <div data-orchids-id="src/app/an..." data-orchids-name="div" className="flex items...">
                                  <Monitor data-orchids-id="src/app/an..." data-orchids-name="Monitor" size={13}>
                                    <svg
                                      ref={null}
                                      xmlns="http://www.w3.org/2000/svg"
                                      width={13}
                                      height={13}
                                      viewBox="0 0 24 24"
                                      fill="none"
                                      stroke="currentColor"
                                      strokeWidth={2}
                                      strokeLinecap="round"
                                      strokeLinejoin="round"
                                      className="lucide lucide-monitor"
                                      aria-hidden="true"
                                      data-orchids-id="src/app/animations/page.tsx:105:20"
                                      data-orchids-name="Monitor"
-                                     data-orchid-ref="ref-q3t02mgkx8"
                                    >
                                      <rect
                                        width="20"
                                        height="14"
                                        x="2"
                                        y="3"
                                        rx="2"
-                                       data-orchid-ref="ref-go3a3rmvzi"
                                      >
                                      <line
                                        x1="8"
                                        x2="16"
                                        y1="21"
                                        y2="21"
-                                       data-orchid-ref="ref-tsjy9jw9k5"
                                      >
                                   ... [truncated]
2026-02-07T17:54:36.119Z [console][error] A tree hydrated but some attributes of the server rendered HTML didn't match the client properties. This won't be patched up. This can happen if a SSR-ed Client Component used:

- A server/client branch `if (typeof window !== 'undefined')`.
- Variable input such as `Date.now()` or `Math.random()` which changes each time it's called.
- Date formatting in a user's locale which doesn't match the server.
- External changing data without sending a snapshot of it along with the HTML.
- Invalid HTML tag nesting.

It can also happen if the client has a browser extension installed which messes with the HTML before React loaded.

%s%s https://react.dev/link/hydration-mismatch 

  ...
    <RenderFromTemplateContext>
      <ScrollAndFocusHandler segmentPath={[...]}>
        <InnerScrollAndFocusHandler segmentPath={[...]} focusAndScrollRef={{apply:false, ...}}>
          <ErrorBoundary errorComponent={undefined} errorStyles={undefined} errorScripts={undefined}>
            <LoadingBoundary loading={null}>
              <HTTPAccessFallbackBoundary notFound={undefined} forbidden={undefined} unauthorized={undefined}>
                <RedirectBoundary>
                  <RedirectErrorBoundary router={{...}}>
                    <InnerLayoutRouter url="/animations" tree={[...]} cacheNode={{lazyData:null, ...}} ...>
                      <SegmentViewNode type="page" pagePath="/Documents...">
                        <SegmentTrieNode>
                        <ClientPageRoot Component={function AnimationPage} searchParams={{}} params={{}}>
                          <AnimationPage params={Promise} searchParams={Promise}>
                            <main data-orchids-id="src/app/an..." data-orchids-name="main" className="relative h...">
                              <div>
                              <div data-orchids-id="src/app/an..." data-orchids-name="div" className="fixed top-...">
                                <LinkComponent>
                                <div data-orchids-id="src/app/an..." data-orchids-name="div" className="flex items...">
                                  <button>
                                  <button>
                                  <button data-orchids-id="src/app/an..." data-orchids-name="button" ...>
                                    <ChartPie data-orchids-id="src/app/an..." data-orchids-name="Icon" size={12}>
                                      <svg ref={null} xmlns="http://www..." width={12} height={12} viewBox="0 0 24 24" ...>
                                        <path
                                          d="M21 12c.552 0 1.005-.449.95-.998a10 10 0 0 0-8.953-8.951c-.55-.055-.998.3..."
-                                         data-orchid-ref="ref-x4jex2t2sj"
                                        >
                                        <path
                                          d="M21.21 15.89A10 10 0 1 1 8 2.83"
-                                         data-orchid-ref="ref-59k1qplfl6"
                                        >
                                    ...
                                  <button
                                    data-orchids-id="src/app/animations/page.tsx:96:28@demos"
                                    data-orchids-name="button"
                                    onClick={function onClick}
                                    className="flex items-center gap-2 px-3 py-1.5 rounded-md text-[11px] font-medium ..."
-                                   data-orchid-ref="ref-05n2sswqdr"
                                  >
                                    <TrendingUp data-orchids-id="src/app/an..." data-orchids-name="Icon" size={12}>
                                      <svg
                                        ref={null}
                                        xmlns="http://www.w3.org/2000/svg"
                                        width={12}
                                        height={12}
                                        viewBox="0 0 24 24"... [truncated]
2026-02-07T17:57:42.464Z [console][error] A tree hydrated but some attributes of the server rendered HTML didn't match the client properties. This won't be patched up. This can happen if a SSR-ed Client Component used:

- A server/client branch `if (typeof window !== 'undefined')`.
- Variable input such as `Date.now()` or `Math.random()` which changes each time it's called.
- Date formatting in a user's locale which doesn't match the server.
- External changing data without sending a snapshot of it along with the HTML.
- Invalid HTML tag nesting.

It can also happen if the client has a browser extension installed which messes with the HTML before React loaded.

%s%s https://react.dev/link/hydration-mismatch 

  ...
    <RenderFromTemplateContext>
      <ScrollAndFocusHandler segmentPath={[...]}>
        <InnerScrollAndFocusHandler segmentPath={[...]} focusAndScrollRef={{apply:false, ...}}>
          <ErrorBoundary errorComponent={undefined} errorStyles={undefined} errorScripts={undefined}>
            <LoadingBoundary loading={null}>
              <HTTPAccessFallbackBoundary notFound={undefined} forbidden={undefined} unauthorized={undefined}>
                <RedirectBoundary>
                  <RedirectErrorBoundary router={{...}}>
                    <InnerLayoutRouter url="/animations" tree={[...]} cacheNode={{lazyData:null, ...}} ...>
                      <SegmentViewNode type="page" pagePath="/Documents...">
                        <SegmentTrieNode>
                        <ClientPageRoot Component={function AnimationPage} searchParams={{}} params={{}}>
                          <AnimationPage params={Promise} searchParams={Promise}>
                            <main data-orchids-id="src/app/an..." data-orchids-name="main" className="relative h...">
                              <div>
                              <div data-orchids-id="src/app/an..." data-orchids-name="div" className="fixed top-...">
                                <LinkComponent>
                                <div
                                  data-orchids-id="src/app/animations/page.tsx:91:16"
                                  data-orchids-name="div"
                                  className="flex items-center gap-1 bg-white/80 backdrop-blur-xl border border-slate-..."
-                                 data-orchid-ref="ref-qwu9duxfha"
                                >
                                  <button
                                    data-orchids-id="src/app/animations/page.tsx:96:28@demos"
                                    data-orchids-name="button"
                                    onClick={function onClick}
                                    className="flex items-center gap-2 px-3 py-1.5 rounded-md text-[11px] font-medium ..."
-                                   data-orchid-ref="ref-cf4lgxz1vm"
                                  >
                                    <ChartColumn data-orchids-id="src/app/an..." data-orchids-name="Icon" size={12}>
                                      <svg
                                        ref={null}
                                        xmlns="http://www.w3.org/2000/svg"
                                        width={12}
                                        height={12}
                                        viewBox="0 0 24 24"
                                        fill="none"
                                        stroke="currentColor"
                                        strokeWidth={2}
                                        strokeLinecap="round"
                                        strokeLinejoin="round"
                                        className="lucide lucide-chart-column"
                                        aria-hidden="true"
                                        data-orchids-id="src/app/animations/page.tsx:105:32@demos"
                                        data-orchids-name="Icon"
-                                       data-orchid-ref="ref-3x57baasl2"
                                      >
... [truncated]
2026-02-07T18:00:42.729Z [console][error] A tree hydrated but some attributes of the server rendered HTML didn't match the client properties. This won't be patched up. This can happen if a SSR-ed Client Component used:

- A server/client branch `if (typeof window !== 'undefined')`.
- Variable input such as `Date.now()` or `Math.random()` which changes each time it's called.
- Date formatting in a user's locale which doesn't match the server.
- External changing data without sending a snapshot of it along with the HTML.
- Invalid HTML tag nesting.

It can also happen if the client has a browser extension installed which messes with the HTML before React loaded.

%s%s https://react.dev/link/hydration-mismatch 

  ...
    <LoadingBoundary loading={null}>
      <HTTPAccessFallbackBoundary notFound={undefined} forbidden={undefined} unauthorized={undefined}>
        <RedirectBoundary>
          <RedirectErrorBoundary router={{...}}>
            <InnerLayoutRouter url="/animations" tree={[...]} cacheNode={{lazyData:null, ...}} segmentPath={[...]}>
              <SegmentViewNode type="page" pagePath="/Documents...">
                <SegmentTrieNode>
                <ClientPageRoot Component={function AnimationPage} searchParams={{}} params={{}}>
                  <AnimationPage params={Promise} searchParams={Promise}>
                    <main data-orchids-id="src/app/an..." data-orchids-name="main" className="relative h...">
                      <div>
                      <div>
                      <div data-orchids-id="src/app/an..." data-orchids-name="div" className="relative z..." ...>
                        <div>
                        <div data-orchids-id="src/app/an..." data-orchids-name="div" className="flex-1 bor...">
                          <AutomatedBankingDemo data-orchids-id="src/app/an..." data-orchids-name="DemoComponent">
                            <div data-orchids-id="src/compon..." data-orchids-name="div" ref={{current:null}} ...>
                              ...
                                <div data-orchids-id="src/compon..." data-orchids-name="motion.div" ...>
                                  <BankingDashboard data-orchids-id="src/compon..." data-orchids-name="BankingDas...">
                                    <div
                                      data-orchids-id="src/components/animations/BankingDashboard.tsx:75:8"
                                      data-orchids-name="div"
                                      className="flex w-full h-full bg-white text-slate-800 overflow-hidden"
                                      style={{fontFamily:"var(--font...",fontSize:"11px"}}
-                                     data-orchid-ref="ref-q2d06zo37w"
                                    >
                                      <aside
                                        data-orchids-id="src/components/animations/BankingDashboard.tsx:77:12"
                                        data-orchids-name="aside"
                                        className="w-[140px] border-r border-gray-100/80 p-3 flex flex-col justify-bet..."
-                                       data-orchid-ref="ref-of5cy6ur7m"
                                      >
                                        <div
                                          data-orchids-id="src/components/animations/BankingDashboard.tsx:78:16"
                                          data-orchids-name="div"
-                                         data-orchid-ref="ref-ve7lkqytt8"
                                        >
                                          <div
                                            data-orchids-id="src/components/animations/BankingDashboard.tsx:79:20"
                                            data-orchids-name="div"
                                            className="flex items-center gap-1.5 mb-5 px-0.5"
-                                           data-orchid-ref="ref-xd2017lluw"
                                          >
                                    ... [truncated]
2026-02-07T18:01:57.839Z [console][error] A tree hydrated but some attributes of the server rendered HTML didn't match the client properties. This won't be patched up. This can happen if a SSR-ed Client Component used:

- A server/client branch `if (typeof window !== 'undefined')`.
- Variable input such as `Date.now()` or `Math.random()` which changes each time it's called.
- Date formatting in a user's locale which doesn't match the server.
- External changing data without sending a snapshot of it along with the HTML.
- Invalid HTML tag nesting.

It can also happen if the client has a browser extension installed which messes with the HTML before React loaded.

%s%s https://react.dev/link/hydration-mismatch 

  ...
    <RenderFromTemplateContext>
      <ScrollAndFocusHandler segmentPath={[...]}>
        <InnerScrollAndFocusHandler segmentPath={[...]} focusAndScrollRef={{apply:false, ...}}>
          <ErrorBoundary errorComponent={undefined} errorStyles={undefined} errorScripts={undefined}>
            <LoadingBoundary loading={null}>
              <HTTPAccessFallbackBoundary notFound={undefined} forbidden={undefined} unauthorized={undefined}>
                <RedirectBoundary>
                  <RedirectErrorBoundary router={{...}}>
                    <InnerLayoutRouter url="/animations" tree={[...]} cacheNode={{lazyData:null, ...}} ...>
                      <SegmentViewNode type="page" pagePath="/Documents...">
                        <SegmentTrieNode>
                        <ClientPageRoot Component={function AnimationPage} searchParams={{}} params={{}}>
                          <AnimationPage params={Promise} searchParams={Promise}>
                            <main data-orchids-id="src/app/an..." data-orchids-name="main" className="relative h...">
                              <div>
                              <div data-orchids-id="src/app/an..." data-orchids-name="div" className="fixed top-...">
                                <LinkComponent>
                                <div data-orchids-id="src/app/an..." data-orchids-name="div" className="flex items...">
                                  <button>
                                  <button>
                                  <button>
                                  <button>
                                  <button>
                                  <button data-orchids-id="src/app/an..." data-orchids-name="button" ...>
                                    <Target data-orchids-id="src/app/an..." data-orchids-name="Icon" size={12}>
                                      <svg
                                        ref={null}
                                        xmlns="http://www.w3.org/2000/svg"
                                        width={12}
                                        height={12}
                                        viewBox="0 0 24 24"
                                        fill="none"
                                        stroke="currentColor"
                                        strokeWidth={2}
                                        strokeLinecap="round"
                                        strokeLinejoin="round"
                                        className="lucide lucide-target"
                                        aria-hidden="true"
                                        data-orchids-id="src/app/animations/page.tsx:105:32@demos"
                                        data-orchids-name="Icon"
-                                       data-orchid-ref="ref-z4e60dg5qq"
                                      >
                                        <circle
                                          cx="12"
                                          cy="12"
                                          r="10"
-                                         data-orchid-ref="ref-3pyn7yrbjc"
                                        >
                                        <circle
                                          cx="12"
                                          cy="12"
   ... [truncated]
2026-02-07T18:03:05.284Z [console][error] A tree hydrated but some attributes of the server rendered HTML didn't match the client properties. This won't be patched up. This can happen if a SSR-ed Client Component used:

- A server/client branch `if (typeof window !== 'undefined')`.
- Variable input such as `Date.now()` or `Math.random()` which changes each time it's called.
- Date formatting in a user's locale which doesn't match the server.
- External changing data without sending a snapshot of it along with the HTML.
- Invalid HTML tag nesting.

It can also happen if the client has a browser extension installed which messes with the HTML before React loaded.

%s%s https://react.dev/link/hydration-mismatch 

  ...
    <HotReload assetPrefix="" globalError={[...]}>
      <AppDevOverlayErrorBoundary globalError={[...]}>
        <ReplaySsrOnlyErrors>
        <DevRootHTTPAccessFallbackBoundary>
          <HTTPAccessFallbackBoundary notFound={<NotAllowedRootHTTPFallbackError>}>
            <HTTPAccessFallbackErrorBoundary pathname="/animations" notFound={<NotAllowedRootHTTPFallbackError>} ...>
              <RedirectBoundary>
                <RedirectErrorBoundary router={{...}}>
                  <Head>
                  <__next_root_layout_boundary__>
                    <SegmentViewNode type="layout" pagePath="/Documents...">
                      <SegmentTrieNode>
                      <link>
                      <script>
                      <script>
                      <RootLayout>
                        <html data-orchids-id="src/app/la..." data-orchids-name="html" lang="en" ...>
                          <body
                            data-orchids-id="src/app/layout.tsx:33:6"
                            data-orchids-name="body"
                            className="geist_a71539c9-module__T19VSG__variable geist_mono_8d43a2aa-module__8Li5zG__var..."
-                           data-orchid-ref="ref-q0eq1d0962"
                          >
                            ...
                              <SegmentViewNode type="page" pagePath="/Documents...">
                                <SegmentTrieNode>
                                <ClientPageRoot Component={function AnimationPage} searchParams={{}} params={{}}>
                                  <AnimationPage params={Promise} searchParams={Promise}>
                                    <main
                                      data-orchids-id="src/app/animations/page.tsx:73:8"
                                      data-orchids-name="main"
                                      className="relative h-screen w-full flex flex-col items-center justify-center ov..."
-                                     data-orchid-ref="ref-7phjj0vvaa"
                                    >
                                      <div
                                        data-orchids-id="src/app/animations/page.tsx:75:12"
                                        data-orchids-name="div"
                                        className="absolute inset-0 opacity-[0.03]"
                                        style={{backgroundImage:"radial-gra...",backgroundSize:"32px 32px"}}
-                                       data-orchid-ref="ref-m1n699im9z"
                                      >
                                      <div
                                        data-orchids-id="src/app/animations/page.tsx:81:12"
                                        data-orchids-name="div"
                                        className="fixed top-0 left-0 right-0 z-[200] px-6 py-4 flex items-center just..."
-                                       data-orchid-ref="ref-re7e0c2n74"
                                      >
                                        <LinkComponent data-orchids-id="src/app/an..." data-orchids-name="Link" href="/" ...>
                                          <a
                                            data-orchids-id="src/app/animations/page.tsx:82:16"
                                            data-orchids... [truncated]
2026-02-07T18:07:46.372Z [console][error] A tree hydrated but some attributes of the server rendered HTML didn't match the client properties. This won't be patched up. This can happen if a SSR-ed Client Component used:

- A server/client branch `if (typeof window !== 'undefined')`.
- Variable input such as `Date.now()` or `Math.random()` which changes each time it's called.
- Date formatting in a user's locale which doesn't match the server.
- External changing data without sending a snapshot of it along with the HTML.
- Invalid HTML tag nesting.

It can also happen if the client has a browser extension installed which messes with the HTML before React loaded.

%s%s https://react.dev/link/hydration-mismatch 

  ...
    <RenderFromTemplateContext>
      <ScrollAndFocusHandler segmentPath={[...]}>
        <InnerScrollAndFocusHandler segmentPath={[...]} focusAndScrollRef={{apply:false, ...}}>
          <ErrorBoundary errorComponent={undefined} errorStyles={undefined} errorScripts={undefined}>
            <LoadingBoundary loading={null}>
              <HTTPAccessFallbackBoundary notFound={undefined} forbidden={undefined} unauthorized={undefined}>
                <RedirectBoundary>
                  <RedirectErrorBoundary router={{...}}>
                    <InnerLayoutRouter url="/animations" tree={[...]} cacheNode={{lazyData:null, ...}} ...>
                      <SegmentViewNode type="page" pagePath="/Documents...">
                        <SegmentTrieNode>
                        <ClientPageRoot Component={function AnimationPage} searchParams={{}} params={{}}>
                          <AnimationPage params={Promise} searchParams={Promise}>
                            <main
                              data-orchids-id="src/app/animations/page.tsx:81:8"
                              data-orchids-name="main"
                              className="relative h-screen w-full flex flex-col items-center justify-center overflow-h..."
-                             data-orchid-ref="ref-tgz7g1876f"
                            >
                              <div
                                data-orchids-id="src/app/animations/page.tsx:83:12"
                                data-orchids-name="div"
                                className="absolute inset-0 opacity-[0.03]"
                                style={{backgroundImage:"radial-gra...",backgroundSize:"32px 32px"}}
-                               data-orchid-ref="ref-vaq9mlcof5"
                              >
                              <div
                                data-orchids-id="src/app/animations/page.tsx:89:12"
                                data-orchids-name="div"
                                className="fixed top-0 left-0 right-0 z-[200] px-6 py-4 flex items-center justify-between"
-                               data-orchid-ref="ref-w0fk52ynj8"
                              >
                                <LinkComponent data-orchids-id="src/app/an..." data-orchids-name="Link" href="/" ...>
                                  <a
                                    data-orchids-id="src/app/animations/page.tsx:90:16"
                                    data-orchids-name="Link"
                                    className="flex items-center gap-2 text-slate-400 hover:text-slate-700 transition-..."
                                    ref={function}
                                    onClick={function onClick}
                                    onMouseEnter={function onMouseEnter}
                                    onTouchStart={function onTouchStart}
                                    href="/"
-                                   data-orchid-ref="ref-ztxrdwdmfl"
                                  >
                                    <ArrowLeft data-orchids-id="src/app/an..." data-orchids-name="ArrowLeft" size={13}>
                                      <svg
                                        ref={null}
                                        xmlns="http://www.w3.org/2000/svg"
                  ... [truncated]
2026-02-07T18:11:11.380Z [console][error] A tree hydrated but some attributes of the server rendered HTML didn't match the client properties. This won't be patched up. This can happen if a SSR-ed Client Component used:

- A server/client branch `if (typeof window !== 'undefined')`.
- Variable input such as `Date.now()` or `Math.random()` which changes each time it's called.
- Date formatting in a user's locale which doesn't match the server.
- External changing data without sending a snapshot of it along with the HTML.
- Invalid HTML tag nesting.

It can also happen if the client has a browser extension installed which messes with the HTML before React loaded.

%s%s https://react.dev/link/hydration-mismatch 

  ...
    <RenderFromTemplateContext>
      <ScrollAndFocusHandler segmentPath={[...]}>
        <InnerScrollAndFocusHandler segmentPath={[...]} focusAndScrollRef={{apply:false, ...}}>
          <ErrorBoundary errorComponent={undefined} errorStyles={undefined} errorScripts={undefined}>
            <LoadingBoundary loading={null}>
              <HTTPAccessFallbackBoundary notFound={undefined} forbidden={undefined} unauthorized={undefined}>
                <RedirectBoundary>
                  <RedirectErrorBoundary router={{...}}>
                    <InnerLayoutRouter url="/animations" tree={[...]} cacheNode={{lazyData:null, ...}} ...>
                      <SegmentViewNode type="page" pagePath="/Documents...">
                        <SegmentTrieNode>
                        <ClientPageRoot Component={function AnimationPage} searchParams={{}} params={{}}>
                          <AnimationPage params={Promise} searchParams={Promise}>
                            <main data-orchids-id="src/app/an..." data-orchids-name="main" className="relative h...">
                              <div>
                              <div data-orchids-id="src/app/an..." data-orchids-name="div" className="fixed top-...">
                                <LinkComponent>
                                <div data-orchids-id="src/app/an..." data-orchids-name="div" className="flex items...">
                                  <button>
                                  <button>
                                  <button>
                                  <button>
                                  <button>
                                  <button data-orchids-id="src/app/an..." data-orchids-name="button" ...>
                                    <Target data-orchids-id="src/app/an..." data-orchids-name="Icon" size={12}>
                                      <svg
                                        ref={null}
                                        xmlns="http://www.w3.org/2000/svg"
                                        width={12}
                                        height={12}
                                        viewBox="0 0 24 24"
                                        fill="none"
                                        stroke="currentColor"
                                        strokeWidth={2}
                                        strokeLinecap="round"
                                        strokeLinejoin="round"
                                        className="lucide lucide-target"
                                        aria-hidden="true"
                                        data-orchids-id="src/app/animations/page.tsx:113:32@demos"
                                        data-orchids-name="Icon"
-                                       data-orchid-ref="ref-2m0k2adt9r"
                                      >
                                        <circle
                                          cx="12"
                                          cy="12"
                                          r="10"
-                                         data-orchid-ref="ref-ebpjv0wjkd"
                                        >
                                        <circle
                                          cx="12"
                                          cy="12"
   ... [truncated]
2026-02-07T18:11:11.380Z [console][error] A tree hydrated but some attributes of the server rendered HTML didn't match the client properties. This won't be patched up. This can happen if a SSR-ed Client Component used:

- A server/client branch `if (typeof window !== 'undefined')`.
- Variable input such as `Date.now()` or `Math.random()` which changes each time it's called.
- Date formatting in a user's locale which doesn't match the server.
- External changing data without sending a snapshot of it along with the HTML.
- Invalid HTML tag nesting.

It can also happen if the client has a browser extension installed which messes with the HTML before React loaded.

%s%s https://react.dev/link/hydration-mismatch 

  ...
    <RenderFromTemplateContext>
      <ScrollAndFocusHandler segmentPath={[...]}>
        <InnerScrollAndFocusHandler segmentPath={[...]} focusAndScrollRef={{apply:false, ...}}>
          <ErrorBoundary errorComponent={undefined} errorStyles={undefined} errorScripts={undefined}>
            <LoadingBoundary loading={null}>
              <HTTPAccessFallbackBoundary notFound={undefined} forbidden={undefined} unauthorized={undefined}>
                <RedirectBoundary>
                  <RedirectErrorBoundary router={{...}}>
                    <InnerLayoutRouter url="/animations" tree={[...]} cacheNode={{lazyData:null, ...}} ...>
                      <SegmentViewNode type="page" pagePath="/Documents...">
                        <SegmentTrieNode>
                        <ClientPageRoot Component={function AnimationPage} searchParams={{}} params={{}}>
                          <AnimationPage params={Promise} searchParams={Promise}>
                            <main data-orchids-id="src/app/an..." data-orchids-name="main" className="relative h...">
                              <div>
                              <div data-orchids-id="src/app/an..." data-orchids-name="div" className="fixed top-...">
                                <LinkComponent>
                                <div data-orchids-id="...
2026-02-07T17:37:41.397Z [console][error] A tree hydrated but some attributes of the server rendered HTML didn't match the client properties. This won't be patched up. This can happen if a SSR-ed Client Component used:

- A server/client branch `if (typeof window !== 'undefined')`.
- Variable input such as `Date.now()` or `Math.random()` which changes each time it's called.
- Date formatting in a user's locale which doesn't match the server.
- External changing data without sending a snapshot of it along with the HTML.
- Invalid HTML tag nesting.

It can also happen if the client has a browser extension installed which messes with the HTML before React loaded.

%s%s https://react.dev/link/hydration-mismatch 

  ...
    <HotReload assetPrefix="" globalError={[...]}>
      <AppDevOverlayErrorBoundary globalError={[...]}>
        <ReplaySsrOnlyErrors>
        <DevRootHTTPAccessFallbackBoundary>
          <HTTPAccessFallbackBoundary notFound={<NotAllowedRootHTTPFallbackError>}>
            <HTTPAccessFallbackErrorBoundary pathname="/animations" notFound={<NotAllowedRootHTTPFallbackError>} ...>
              <RedirectBoundary>
                <RedirectErrorBoundary router={{...}}>
                  <Head>
                  <__next_root_layout_boundary__>
                    <SegmentViewNode type="layout" pagePath="/Documents...">
                      <SegmentTrieNode>
                      <link>
                      <script>
                      <script>
                      <RootLayout>
                        <html data-orchids-id="src/app/la..." data-orchids-name="html" lang="en" ...>
                          <body
                            data-orchids-id="src/app/layout.tsx:33:6"
                            data-orchids-name="body"
                            className="geist_a71539c9-module__T19VSG__variable geist_mono_8d43a2aa-module__8Li5zG__var..."
-                           data-orchid-ref="ref-ugek63jlct"
                          >
                            ...
                              <SegmentViewNode type="page" pagePath="/Documents...">
                                <SegmentTrieNode>
                                <ClientPageRoot Component={function AnimationPage} searchParams={{}} params={{}}>
                                  <AnimationPage params={Promise} searchParams={Promise}>
                                    <main
                                      data-orchids-id="src/app/animations/page.tsx:65:8"
                                      data-orchids-name="main"
                                      className="relative h-screen w-full flex flex-col items-center justify-center ov..."
-                                     data-orchid-ref="ref-q2y4y33grm"
                                    >
                                      <div
                                        data-orchids-id="src/app/animations/page.tsx:67:12"
                                        data-orchids-name="div"
                                        className="absolute inset-0 opacity-[0.03]"
                                        style={{backgroundImage:"radial-gra...",backgroundSize:"32px 32px"}}
-                                       data-orchid-ref="ref-vja6bhm3u0"
                                      >
                                      <div
                                        data-orchids-id="src/app/animations/page.tsx:73:12"
                                        data-orchids-name="div"
                                        className="fixed top-0 left-0 right-0 z-[200] px-6 py-4 flex items-center just..."
-                                       data-orchid-ref="ref-7rdfvtgakw"
                                      >
                                        <LinkComponent data-orchids-id="src/app/an..." data-orchids-name="Link" href="/" ...>
                                          <a
                                            data-orchids-id="src/app/animations/page.tsx:74:16"
                                            data-orchids... [truncated]
2026-02-07T17:38:47.018Z [console][error] A tree hydrated but some attributes of the server rendered HTML didn't match the client properties. This won't be patched up. This can happen if a SSR-ed Client Component used:

- A server/client branch `if (typeof window !== 'undefined')`.
- Variable input such as `Date.now()` or `Math.random()` which changes each time it's called.
- Date formatting in a user's locale which doesn't match the server.
- External changing data without sending a snapshot of it along with the HTML.
- Invalid HTML tag nesting.

It can also happen if the client has a browser extension installed which messes with the HTML before React loaded.

%s%s https://react.dev/link/hydration-mismatch 

  ...
    <RenderFromTemplateContext>
      <ScrollAndFocusHandler segmentPath={[...]}>
        <InnerScrollAndFocusHandler segmentPath={[...]} focusAndScrollRef={{apply:false, ...}}>
          <ErrorBoundary errorComponent={undefined} errorStyles={undefined} errorScripts={undefined}>
            <LoadingBoundary loading={null}>
              <HTTPAccessFallbackBoundary notFound={undefined} forbidden={undefined} unauthorized={undefined}>
                <RedirectBoundary>
                  <RedirectErrorBoundary router={{...}}>
                    <InnerLayoutRouter url="/animations" tree={[...]} cacheNode={{lazyData:null, ...}} ...>
                      <SegmentViewNode type="page" pagePath="/Documents...">
                        <SegmentTrieNode>
                        <ClientPageRoot Component={function AnimationPage} searchParams={{}} params={{}}>
                          <AnimationPage params={Promise} searchParams={Promise}>
                            <main data-orchids-id="src/app/an..." data-orchids-name="main" className="relative h...">
                              <div>
                              <div data-orchids-id="src/app/an..." data-orchids-name="div" className="fixed top-...">
                                <LinkComponent>
                                <div data-orchids-id="src/app/an..." data-orchids-name="div" className="flex items...">
                                  <button>
                                  <button>
                                  <button>
                                  <button>
                                  <button data-orchids-id="src/app/an..." data-orchids-name="button" ...>
                                    <DollarSign data-orchids-id="src/app/an..." data-orchids-name="Icon" size={12}>
                                      <svg ref={null} xmlns="http://www..." width={12} height={12} viewBox="0 0 24 24" ...>
                                        <line
                                          x1="12"
                                          x2="12"
                                          y1="2"
                                          y2="22"
-                                         data-orchid-ref="ref-xbz1tyz6lx"
                                        >
                                        <path
                                          d="M17 5H9.5a3.5 3.5 0 0 0 0 7h5a3.5 3.5 0 0 1 0 7H6"
-                                         data-orchid-ref="ref-hej46xp9qd"
                                        >
                                    ...
                                  <button
                                    data-orchids-id="src/app/animations/page.tsx:88:28@demos"
                                    data-orchids-name="button"
                                    onClick={function onClick}
                                    className="flex items-center gap-2 px-3 py-1.5 rounded-md text-[11px] font-medium ..."
-                                   data-orchid-ref="ref-xn1r8zauie"
                                  >
                                    <Target data-orchids-id="src/app/an..." data-orchids-name="Icon" size={12}>
                                      <svg
                                        ref={null}
                                        xmlns="http://www.w... [truncated]
2026-02-07T17:40:44.946Z [console][error] A tree hydrated but some attributes of the server rendered HTML didn't match the client properties. This won't be patched up. This can happen if a SSR-ed Client Component used:

- A server/client branch `if (typeof window !== 'undefined')`.
- Variable input such as `Date.now()` or `Math.random()` which changes each time it's called.
- Date formatting in a user's locale which doesn't match the server.
- External changing data without sending a snapshot of it along with the HTML.
- Invalid HTML tag nesting.

It can also happen if the client has a browser extension installed which messes with the HTML before React loaded.

%s%s https://react.dev/link/hydration-mismatch 

  ...
    <RenderFromTemplateContext>
      <ScrollAndFocusHandler segmentPath={[...]}>
        <InnerScrollAndFocusHandler segmentPath={[...]} focusAndScrollRef={{apply:false, ...}}>
          <ErrorBoundary errorComponent={undefined} errorStyles={undefined} errorScripts={undefined}>
            <LoadingBoundary loading={null}>
              <HTTPAccessFallbackBoundary notFound={undefined} forbidden={undefined} unauthorized={undefined}>
                <RedirectBoundary>
                  <RedirectErrorBoundary router={{...}}>
                    <InnerLayoutRouter url="/animations" tree={[...]} cacheNode={{lazyData:null, ...}} ...>
                      <SegmentViewNode type="page" pagePath="/Documents...">
                        <SegmentTrieNode>
                        <ClientPageRoot Component={function AnimationPage} searchParams={{}} params={{}}>
                          <AnimationPage params={Promise} searchParams={Promise}>
                            <main data-orchids-id="src/app/an..." data-orchids-name="main" className="relative h...">
                              <div>
                              <div data-orchids-id="src/app/an..." data-orchids-name="div" className="fixed top-...">
                                <LinkComponent>
                                <div>
                                <div data-orchids-id="src/app/an..." data-orchids-name="div" className="flex items...">
                                  <Monitor data-orchids-id="src/app/an..." data-orchids-name="Monitor" size={13}>
                                    <svg
                                      ref={null}
                                      xmlns="http://www.w3.org/2000/svg"
                                      width={13}
                                      height={13}
                                      viewBox="0 0 24 24"
                                      fill="none"
                                      stroke="currentColor"
                                      strokeWidth={2}
                                      strokeLinecap="round"
                                      strokeLinejoin="round"
                                      className="lucide lucide-monitor"
                                      aria-hidden="true"
                                      data-orchids-id="src/app/animations/page.tsx:105:20"
                                      data-orchids-name="Monitor"
-                                     data-orchid-ref="ref-q3t02mgkx8"
                                    >
                                      <rect
                                        width="20"
                                        height="14"
                                        x="2"
                                        y="3"
                                        rx="2"
-                                       data-orchid-ref="ref-go3a3rmvzi"
                                      >
                                      <line
                                        x1="8"
                                        x2="16"
                                        y1="21"
                                        y2="21"
-                                       data-orchid-ref="ref-tsjy9jw9k5"
                                      >
                                   ... [truncated]
2026-02-07T17:54:36.119Z [console][error] A tree hydrated but some attributes of the server rendered HTML didn't match the client properties. This won't be patched up. This can happen if a SSR-ed Client Component used:

- A server/client branch `if (typeof window !== 'undefined')`.
- Variable input such as `Date.now()` or `Math.random()` which changes each time it's called.
- Date formatting in a user's locale which doesn't match the server.
- External changing data without sending a snapshot of it along with the HTML.
- Invalid HTML tag nesting.

It can also happen if the client has a browser extension installed which messes with the HTML before React loaded.

%s%s https://react.dev/link/hydration-mismatch 

  ...
    <RenderFromTemplateContext>
      <ScrollAndFocusHandler segmentPath={[...]}>
        <InnerScrollAndFocusHandler segmentPath={[...]} focusAndScrollRef={{apply:false, ...}}>
          <ErrorBoundary errorComponent={undefined} errorStyles={undefined} errorScripts={undefined}>
            <LoadingBoundary loading={null}>
              <HTTPAccessFallbackBoundary notFound={undefined} forbidden={undefined} unauthorized={undefined}>
                <RedirectBoundary>
                  <RedirectErrorBoundary router={{...}}>
                    <InnerLayoutRouter url="/animations" tree={[...]} cacheNode={{lazyData:null, ...}} ...>
                      <SegmentViewNode type="page" pagePath="/Documents...">
                        <SegmentTrieNode>
                        <ClientPageRoot Component={function AnimationPage} searchParams={{}} params={{}}>
                          <AnimationPage params={Promise} searchParams={Promise}>
                            <main data-orchids-id="src/app/an..." data-orchids-name="main" className="relative h...">
                              <div>
                              <div data-orchids-id="src/app/an..." data-orchids-name="div" className="fixed top-...">
                                <LinkComponent>
                                <div data-orchids-id="src/app/an..." data-orchids-name="div" className="flex items...">
                                  <button>
                                  <button>
                                  <button data-orchids-id="src/app/an..." data-orchids-name="button" ...>
                                    <ChartPie data-orchids-id="src/app/an..." data-orchids-name="Icon" size={12}>
                                      <svg ref={null} xmlns="http://www..." width={12} height={12} viewBox="0 0 24 24" ...>
                                        <path
                                          d="M21 12c.552 0 1.005-.449.95-.998a10 10 0 0 0-8.953-8.951c-.55-.055-.998.3..."
-                                         data-orchid-ref="ref-x4jex2t2sj"
                                        >
                                        <path
                                          d="M21.21 15.89A10 10 0 1 1 8 2.83"
-                                         data-orchid-ref="ref-59k1qplfl6"
                                        >
                                    ...
                                  <button
                                    data-orchids-id="src/app/animations/page.tsx:96:28@demos"
                                    data-orchids-name="button"
                                    onClick={function onClick}
                                    className="flex items-center gap-2 px-3 py-1.5 rounded-md text-[11px] font-medium ..."
-                                   data-orchid-ref="ref-05n2sswqdr"
                                  >
                                    <TrendingUp data-orchids-id="src/app/an..." data-orchids-name="Icon" size={12}>
                                      <svg
                                        ref={null}
                                        xmlns="http://www.w3.org/2000/svg"
                                        width={12}
                                        height={12}
                                        viewBox="0 0 24 24"... [truncated]
2026-02-07T17:57:42.464Z [console][error] A tree hydrated but some attributes of the server rendered HTML didn't match the client properties. This won't be patched up. This can happen if a SSR-ed Client Component used:

- A server/client branch `if (typeof window !== 'undefined')`.
- Variable input such as `Date.now()` or `Math.random()` which changes each time it's called.
- Date formatting in a user's locale which doesn't match the server.
- External changing data without sending a snapshot of it along with the HTML.
- Invalid HTML tag nesting.

It can also happen if the client has a browser extension installed which messes with the HTML before React loaded.

%s%s https://react.dev/link/hydration-mismatch 

  ...
    <RenderFromTemplateContext>
      <ScrollAndFocusHandler segmentPath={[...]}>
        <InnerScrollAndFocusHandler segmentPath={[...]} focusAndScrollRef={{apply:false, ...}}>
          <ErrorBoundary errorComponent={undefined} errorStyles={undefined} errorScripts={undefined}>
            <LoadingBoundary loading={null}>
              <HTTPAccessFallbackBoundary notFound={undefined} forbidden={undefined} unauthorized={undefined}>
                <RedirectBoundary>
                  <RedirectErrorBoundary router={{...}}>
                    <InnerLayoutRouter url="/animations" tree={[...]} cacheNode={{lazyData:null, ...}} ...>
                      <SegmentViewNode type="page" pagePath="/Documents...">
                        <SegmentTrieNode>
                        <ClientPageRoot Component={function AnimationPage} searchParams={{}} params={{}}>
                          <AnimationPage params={Promise} searchParams={Promise}>
                            <main data-orchids-id="src/app/an..." data-orchids-name="main" className="relative h...">
                              <div>
                              <div data-orchids-id="src/app/an..." data-orchids-name="div" className="fixed top-...">
                                <LinkComponent>
                                <div
                                  data-orchids-id="src/app/animations/page.tsx:91:16"
                                  data-orchids-name="div"
                                  className="flex items-center gap-1 bg-white/80 backdrop-blur-xl border border-slate-..."
-                                 data-orchid-ref="ref-qwu9duxfha"
                                >
                                  <button
                                    data-orchids-id="src/app/animations/page.tsx:96:28@demos"
                                    data-orchids-name="button"
                                    onClick={function onClick}
                                    className="flex items-center gap-2 px-3 py-1.5 rounded-md text-[11px] font-medium ..."
-                                   data-orchid-ref="ref-cf4lgxz1vm"
                                  >
                                    <ChartColumn data-orchids-id="src/app/an..." data-orchids-name="Icon" size={12}>
                                      <svg
                                        ref={null}
                                        xmlns="http://www.w3.org/2000/svg"
                                        width={12}
                                        height={12}
                                        viewBox="0 0 24 24"
                                        fill="none"
                                        stroke="currentColor"
                                        strokeWidth={2}
                                        strokeLinecap="round"
                                        strokeLinejoin="round"
                                        className="lucide lucide-chart-column"
                                        aria-hidden="true"
                                        data-orchids-id="src/app/animations/page.tsx:105:32@demos"
                                        data-orchids-name="Icon"
-                                       data-orchid-ref="ref-3x57baasl2"
                                      >
... [truncated]
2026-02-07T18:00:42.729Z [console][error] A tree hydrated but some attributes of the server rendered HTML didn't match the client properties. This won't be patched up. This can happen if a SSR-ed Client Component used:

- A server/client branch `if (typeof window !== 'undefined')`.
- Variable input such as `Date.now()` or `Math.random()` which changes each time it's called.
- Date formatting in a user's locale which doesn't match the server.
- External changing data without sending a snapshot of it along with the HTML.
- Invalid HTML tag nesting.

It can also happen if the client has a browser extension installed which messes with the HTML before React loaded.

%s%s https://react.dev/link/hydration-mismatch 

  ...
    <LoadingBoundary loading={null}>
      <HTTPAccessFallbackBoundary notFound={undefined} forbidden={undefined} unauthorized={undefined}>
        <RedirectBoundary>
          <RedirectErrorBoundary router={{...}}>
            <InnerLayoutRouter url="/animations" tree={[...]} cacheNode={{lazyData:null, ...}} segmentPath={[...]}>
              <SegmentViewNode type="page" pagePath="/Documents...">
                <SegmentTrieNode>
                <ClientPageRoot Component={function AnimationPage} searchParams={{}} params={{}}>
                  <AnimationPage params={Promise} searchParams={Promise}>
                    <main data-orchids-id="src/app/an..." data-orchids-name="main" className="relative h...">
                      <div>
                      <div>
                      <div data-orchids-id="src/app/an..." data-orchids-name="div" className="relative z..." ...>
                        <div>
                        <div data-orchids-id="src/app/an..." data-orchids-name="div" className="flex-1 bor...">
                          <AutomatedBankingDemo data-orchids-id="src/app/an..." data-orchids-name="DemoComponent">
                            <div data-orchids-id="src/compon..." data-orchids-name="div" ref={{current:null}} ...>
                              ...
                                <div data-orchids-id="src/compon..." data-orchids-name="motion.div" ...>
                                  <BankingDashboard data-orchids-id="src/compon..." data-orchids-name="BankingDas...">
                                    <div
                                      data-orchids-id="src/components/animations/BankingDashboard.tsx:75:8"
                                      data-orchids-name="div"
                                      className="flex w-full h-full bg-white text-slate-800 overflow-hidden"
                                      style={{fontFamily:"var(--font...",fontSize:"11px"}}
-                                     data-orchid-ref="ref-q2d06zo37w"
                                    >
                                      <aside
                                        data-orchids-id="src/components/animations/BankingDashboard.tsx:77:12"
                                        data-orchids-name="aside"
                                        className="w-[140px] border-r border-gray-100/80 p-3 flex flex-col justify-bet..."
-                                       data-orchid-ref="ref-of5cy6ur7m"
                                      >
                                        <div
                                          data-orchids-id="src/components/animations/BankingDashboard.tsx:78:16"
                                          data-orchids-name="div"
-                                         data-orchid-ref="ref-ve7lkqytt8"
                                        >
                                          <div
                                            data-orchids-id="src/components/animations/BankingDashboard.tsx:79:20"
                                            data-orchids-name="div"
                                            className="flex items-center gap-1.5 mb-5 px-0.5"
-                                           data-orchid-ref="ref-xd2017lluw"
                                          >
                                    ... [truncated]
2026-02-07T18:01:57.839Z [console][error] A tree hydrated but some attributes of the server rendered HTML didn't match the client properties. This won't be patched up. This can happen if a SSR-ed Client Component used:

- A server/client branch `if (typeof window !== 'undefined')`.
- Variable input such as `Date.now()` or `Math.random()` which changes each time it's called.
- Date formatting in a user's locale which doesn't match the server.
- External changing data without sending a snapshot of it along with the HTML.
- Invalid HTML tag nesting.

It can also happen if the client has a browser extension installed which messes with the HTML before React loaded.

%s%s https://react.dev/link/hydration-mismatch 

  ...
    <RenderFromTemplateContext>
      <ScrollAndFocusHandler segmentPath={[...]}>
        <InnerScrollAndFocusHandler segmentPath={[...]} focusAndScrollRef={{apply:false, ...}}>
          <ErrorBoundary errorComponent={undefined} errorStyles={undefined} errorScripts={undefined}>
            <LoadingBoundary loading={null}>
              <HTTPAccessFallbackBoundary notFound={undefined} forbidden={undefined} unauthorized={undefined}>
                <RedirectBoundary>
                  <RedirectErrorBoundary router={{...}}>
                    <InnerLayoutRouter url="/animations" tree={[...]} cacheNode={{lazyData:null, ...}} ...>
                      <SegmentViewNode type="page" pagePath="/Documents...">
                        <SegmentTrieNode>
                        <ClientPageRoot Component={function AnimationPage} searchParams={{}} params={{}}>
                          <AnimationPage params={Promise} searchParams={Promise}>
                            <main data-orchids-id="src/app/an..." data-orchids-name="main" className="relative h...">
                              <div>
                              <div data-orchids-id="src/app/an..." data-orchids-name="div" className="fixed top-...">
                                <LinkComponent>
                                <div data-orchids-id="src/app/an..." data-orchids-name="div" className="flex items...">
                                  <button>
                                  <button>
                                  <button>
                                  <button>
                                  <button>
                                  <button data-orchids-id="src/app/an..." data-orchids-name="button" ...>
                                    <Target data-orchids-id="src/app/an..." data-orchids-name="Icon" size={12}>
                                      <svg
                                        ref={null}
                                        xmlns="http://www.w3.org/2000/svg"
                                        width={12}
                                        height={12}
                                        viewBox="0 0 24 24"
                                        fill="none"
                                        stroke="currentColor"
                                        strokeWidth={2}
                                        strokeLinecap="round"
                                        strokeLinejoin="round"
                                        className="lucide lucide-target"
                                        aria-hidden="true"
                                        data-orchids-id="src/app/animations/page.tsx:105:32@demos"
                                        data-orchids-name="Icon"
-                                       data-orchid-ref="ref-z4e60dg5qq"
                                      >
                                        <circle
                                          cx="12"
                                          cy="12"
                                          r="10"
-                                         data-orchid-ref="ref-3pyn7yrbjc"
                                        >
                                        <circle
                                          cx="12"
                                          cy="12"
   ... [truncated]
2026-02-07T18:03:05.284Z [console][error] A tree hydrated but some attributes of the server rendered HTML didn't match the client properties. This won't be patched up. This can happen if a SSR-ed Client Component used:

- A server/client branch `if (typeof window !== 'undefined')`.
- Variable input such as `Date.now()` or `Math.random()` which changes each time it's called.
- Date formatting in a user's locale which doesn't match the server.
- External changing data without sending a snapshot of it along with the HTML.
- Invalid HTML tag nesting.

It can also happen if the client has a browser extension installed which messes with the HTML before React loaded.

%s%s https://react.dev/link/hydration-mismatch 

  ...
    <HotReload assetPrefix="" globalError={[...]}>
      <AppDevOverlayErrorBoundary globalError={[...]}>
        <ReplaySsrOnlyErrors>
        <DevRootHTTPAccessFallbackBoundary>
          <HTTPAccessFallbackBoundary notFound={<NotAllowedRootHTTPFallbackError>}>
            <HTTPAccessFallbackErrorBoundary pathname="/animations" notFound={<NotAllowedRootHTTPFallbackError>} ...>
              <RedirectBoundary>
                <RedirectErrorBoundary router={{...}}>
                  <Head>
                  <__next_root_layout_boundary__>
                    <SegmentViewNode type="layout" pagePath="/Documents...">
                      <SegmentTrieNode>
                      <link>
                      <script>
                      <script>
                      <RootLayout>
                        <html data-orchids-id="src/app/la..." data-orchids-name="html" lang="en" ...>
                          <body
                            data-orchids-id="src/app/layout.tsx:33:6"
                            data-orchids-name="body"
                            className="geist_a71539c9-module__T19VSG__variable geist_mono_8d43a2aa-module__8Li5zG__var..."
-                           data-orchid-ref="ref-q0eq1d0962"
                          >
                            ...
                              <SegmentViewNode type="page" pagePath="/Documents...">
                                <SegmentTrieNode>
                                <ClientPageRoot Component={function AnimationPage} searchParams={{}} params={{}}>
                                  <AnimationPage params={Promise} searchParams={Promise}>
                                    <main
                                      data-orchids-id="src/app/animations/page.tsx:73:8"
                                      data-orchids-name="main"
                                      className="relative h-screen w-full flex flex-col items-center justify-center ov..."
-                                     data-orchid-ref="ref-7phjj0vvaa"
                                    >
                                      <div
                                        data-orchids-id="src/app/animations/page.tsx:75:12"
                                        data-orchids-name="div"
                                        className="absolute inset-0 opacity-[0.03]"
                                        style={{backgroundImage:"radial-gra...",backgroundSize:"32px 32px"}}
-                                       data-orchid-ref="ref-m1n699im9z"
                                      >
                                      <div
                                        data-orchids-id="src/app/animations/page.tsx:81:12"
                                        data-orchids-name="div"
                                        className="fixed top-0 left-0 right-0 z-[200] px-6 py-4 flex items-center just..."
-                                       data-orchid-ref="ref-re7e0c2n74"
                                      >
                                        <LinkComponent data-orchids-id="src/app/an..." data-orchids-name="Link" href="/" ...>
                                          <a
                                            data-orchids-id="src/app/animations/page.tsx:82:16"
                                            data-orchids... [truncated]
2026-02-07T18:07:46.372Z [console][error] A tree hydrated but some attributes of the server rendered HTML didn't match the client properties. This won't be patched up. This can happen if a SSR-ed Client Component used:

- A server/client branch `if (typeof window !== 'undefined')`.
- Variable input such as `Date.now()` or `Math.random()` which changes each time it's called.
- Date formatting in a user's locale which doesn't match the server.
- External changing data without sending a snapshot of it along with the HTML.
- Invalid HTML tag nesting.

It can also happen if the client has a browser extension installed which messes with the HTML before React loaded.

%s%s https://react.dev/link/hydration-mismatch 

  ...
    <RenderFromTemplateContext>
      <ScrollAndFocusHandler segmentPath={[...]}>
        <InnerScrollAndFocusHandler segmentPath={[...]} focusAndScrollRef={{apply:false, ...}}>
          <ErrorBoundary errorComponent={undefined} errorStyles={undefined} errorScripts={undefined}>
            <LoadingBoundary loading={null}>
              <HTTPAccessFallbackBoundary notFound={undefined} forbidden={undefined} unauthorized={undefined}>
                <RedirectBoundary>
                  <RedirectErrorBoundary router={{...}}>
                    <InnerLayoutRouter url="/animations" tree={[...]} cacheNode={{lazyData:null, ...}} ...>
                      <SegmentViewNode type="page" pagePath="/Documents...">
                        <SegmentTrieNode>
                        <ClientPageRoot Component={function AnimationPage} searchParams={{}} params={{}}>
                          <AnimationPage params={Promise} searchParams={Promise}>
                            <main
                              data-orchids-id="src/app/animations/page.tsx:81:8"
                              data-orchids-name="main"
                              className="relative h-screen w-full flex flex-col items-center justify-center overflow-h..."
-                             data-orchid-ref="ref-tgz7g1876f"
                            >
                              <div
                                data-orchids-id="src/app/animations/page.tsx:83:12"
                                data-orchids-name="div"
                                className="absolute inset-0 opacity-[0.03]"
                                style={{backgroundImage:"radial-gra...",backgroundSize:"32px 32px"}}
-                               data-orchid-ref="ref-vaq9mlcof5"
                              >
                              <div
                                data-orchids-id="src/app/animations/page.tsx:89:12"
                                data-orchids-name="div"
                                className="fixed top-0 left-0 right-0 z-[200] px-6 py-4 flex items-center justify-between"
-                               data-orchid-ref="ref-w0fk52ynj8"
                              >
                                <LinkComponent data-orchids-id="src/app/an..." data-orchids-name="Link" href="/" ...>
                                  <a
                                    data-orchids-id="src/app/animations/page.tsx:90:16"
                                    data-orchids-name="Link"
                                    className="flex items-center gap-2 text-slate-400 hover:text-slate-700 transition-..."
                                    ref={function}
                                    onClick={function onClick}
                                    onMouseEnter={function onMouseEnter}
                                    onTouchStart={function onTouchStart}
                                    href="/"
-                                   data-orchid-ref="ref-ztxrdwdmfl"
                                  >
                                    <ArrowLeft data-orchids-id="src/app/an..." data-orchids-name="ArrowLeft" size={13}>
                                      <svg
                                        ref={null}
                                        xmlns="http://www.w3.org/2000/svg"
                  ... [truncated]
2026-02-07T18:11:11.380Z [console][error] A tree hydrated but some attributes of the server rendered HTML didn't match the client properties. This won't be patched up. This can happen if a SSR-ed Client Component used:

- A server/client branch `if (typeof window !== 'undefined')`.
- Variable input such as `Date.now()` or `Math.random()` which changes each time it's called.
- Date formatting in a user's locale which doesn't match the server.
- External changing data without sending a snapshot of it along with the HTML.
- Invalid HTML tag nesting.

It can also happen if the client has a browser extension installed which messes with the HTML before React loaded.

%s%s https://react.dev/link/hydration-mismatch 

  ...
    <RenderFromTemplateContext>
      <ScrollAndFocusHandler segmentPath={[...]}>
        <InnerScrollAndFocusHandler segmentPath={[...]} focusAndScrollRef={{apply:false, ...}}>
          <ErrorBoundary errorComponent={undefined} errorStyles={undefined} errorScripts={undefined}>
            <LoadingBoundary loading={null}>
              <HTTPAccessFallbackBoundary notFound={undefined} forbidden={undefined} unauthorized={undefined}>
                <RedirectBoundary>
                  <RedirectErrorBoundary router={{...}}>
                    <InnerLayoutRouter url="/animations" tree={[...]} cacheNode={{lazyData:null, ...}} ...>
                      <SegmentViewNode type="page" pagePath="/Documents...">
                        <SegmentTrieNode>
                        <ClientPageRoot Component={function AnimationPage} searchParams={{}} params={{}}>
                          <AnimationPage params={Promise} searchParams={Promise}>
                            <main data-orchids-id="src/app/an..." data-orchids-name="main" className="relative h...">
                              <div>
                              <div data-orchids-id="src/app/an..." data-orchids-name="div" className="fixed top-...">
                                <LinkComponent>
                                <div data-orchids-id="src/app/an..." data-orchids-name="div" className="flex items...">
                                  <button>
                                  <button>
                                  <button>
                                  <button>
                                  <button>
                                  <button data-orchids-id="src/app/an..." data-orchids-name="button" ...>
                                    <Target data-orchids-id="src/app/an..." data-orchids-name="Icon" size={12}>
                                      <svg
                                        ref={null}
                                        xmlns="http://www.w3.org/2000/svg"
                                        width={12}
                                        height={12}
                                        viewBox="0 0 24 24"
                                        fill="none"
                                        stroke="currentColor"
                                        strokeWidth={2}
                                        strokeLinecap="round"
                                        strokeLinejoin="round"
                                        className="lucide lucide-target"
                                        aria-hidden="true"
                                        data-orchids-id="src/app/animations/page.tsx:113:32@demos"
                                        data-orchids-name="Icon"
-                                       data-orchid-ref="ref-2m0k2adt9r"
                                      >
                                        <circle
                                          cx="12"
                                          cy="12"
                                          r="10"
-                                         data-orchid-ref="ref-ebpjv0wjkd"
                                        >
                                        <circle
                                          cx="12"
                                          cy="12"
   ... [truncated]
2026-02-07T18:13:31.359Z [console][error] A tree hydrated but some attributes of the server rendered HTML didn't match the client properties. This won't be patched up. This can happen if a SSR-ed Client Component used:

- A server/client branch `if (typeof window !== 'undefined')`.
- Variable input such as `Date.now()` or `Math.random()` which changes each time it's called.
- Date formatting in a user's locale which doesn't match the server.
- External changing data without sending a snapshot of it along with the HTML.
- Invalid HTML tag nesting.

It can also happen if the client has a browser extension installed which messes with the HTML before React loaded.

%s%s https://react.dev/link/hydration-mismatch 

  ...
    <HotReload assetPrefix="" globalError={[...]}>
      <AppDevOverlayErrorBoundary globalError={[...]}>
        <ReplaySsrOnlyErrors>
        <DevRootHTTPAccessFallbackBoundary>
          <HTTPAccessFallbackBoundary notFound={<NotAllowedRootHTTPFallbackError>}>
            <HTTPAccessFallbackErrorBoundary pathname="/animations" notFound={<NotAllowedRootHTTPFallbackError>} ...>
              <RedirectBoundary>
                <RedirectErrorBoundary router={{...}}>
                  <Head>
                  <__next_root_layout_boundary__>
                    <SegmentViewNode type="layout" pagePath="/Documents...">
                      <SegmentTrieNode>
                      <link>
                      <script>
                      <script>
                      <RootLayout>
                        <html data-orchids-id="src/app/la..." data-orchids-name="html" lang="en" ...>
                          <body
                            data-orchids-id="src/app/layout.tsx:33:6"
                            data-orchids-name="body"
                            className="geist_a71539c9-module__T19VSG__variable geist_mono_8d43a2aa-module__8Li5zG__var..."
-                           data-orchid-ref="ref-22kzcir9va"
                          >
                            ...
                              <SegmentViewNode type="page" pagePath="/Documents...">
                                <SegmentTrieNode>
                                <ClientPageRoot Component={function AnimationPage} searchParams={{}} params={{}}>
                                  <AnimationPage params={Promise} searchParams={Promise}>
                                    <main
                                      data-orchids-id="src/app/animations/page.tsx:81:8"
                                      data-orchids-name="main"
                                      className="relative h-screen w-full flex flex-col items-center justify-center ov..."
-                                     data-orchid-ref="ref-14lgc0tmls"
                                    >
                                      <div
                                        data-orchids-id="src/app/animations/page.tsx:83:12"
                                        data-orchids-name="div"
                                        className="absolute inset-0 opacity-[0.03]"
                                        style={{backgroundImage:"radial-gra...",backgroundSize:"32px 32px"}}
-                                       data-orchid-ref="ref-zkinqqbaqe"
                                      >
                                      <div
                                        data-orchids-id="src/app/animations/page.tsx:89:12"
                                        data-orchids-name="div"
                                        className="fixed top-0 left-0 right-0 z-[200] px-6 py-4 flex items-center just..."
-                                       data-orchid-ref="ref-bsurhmhqqu"
                                      >
                                        <LinkComponent data-orchids-id="src/app/an..." data-orchids-name="Link" href="/" ...>
                                          <a
                                            data-orchids-id="src/app/animations/page.tsx:90:16"
                                            data-orchids... [truncated]
2026-02-07T18:14:50.909Z [console][error] A tree hydrated but some attributes of the server rendered HTML didn't match the client properties. This won't be patched up. This can happen if a SSR-ed Client Component used:

- A server/client branch `if (typeof window !== 'undefined')`.
- Variable input such as `Date.now()` or `Math.random()` which changes each time it's called.
- Date formatting in a user's locale which doesn't match the server.
- External changing data without sending a snapshot of it along with the HTML.
- Invalid HTML tag nesting.

It can also happen if the client has a browser extension installed which messes with the HTML before React loaded.

%s%s https://react.dev/link/hydration-mismatch 

  ...
    <LoadingBoundary loading={null}>
      <HTTPAccessFallbackBoundary notFound={undefined} forbidden={undefined} unauthorized={undefined}>
        <RedirectBoundary>
          <RedirectErrorBoundary router={{...}}>
            <InnerLayoutRouter url="/animations" tree={[...]} cacheNode={{lazyData:null, ...}} segmentPath={[...]}>
              <SegmentViewNode type="page" pagePath="/Documents...">
                <SegmentTrieNode>
                <ClientPageRoot Component={function AnimationPage} searchParams={{}} params={{}}>
                  <AnimationPage params={Promise} searchParams={Promise}>
                    <main data-orchids-id="src/app/an..." data-orchids-name="main" className="relative h...">
                      <div>
                      <div>
                      <div data-orchids-id="src/app/an..." data-orchids-name="div" className="relative z..." ...>
                        <div>
                        <div data-orchids-id="src/app/an..." data-orchids-name="div" className="flex-1 bor...">
                          <AutomatedBankingDemo data-orchids-id="src/app/an..." data-orchids-name="DemoComponent">
                            <div data-orchids-id="src/compon..." data-orchids-name="div" ref={{current:null}} ...>
                              ...
                                <div data-orchids-id="src/compon..." data-orchids-name="motion.div" ...>
                                  <BankingDashboard data-orchids-id="src/compon..." data-orchids-name="BankingDas...">
                                    <div
                                      data-orchids-id="src/components/animations/BankingDashboard.tsx:75:8"
                                      data-orchids-name="div"
                                      className="flex w-full h-full bg-white text-slate-800 overflow-hidden"
                                      style={{fontFamily:"var(--font...",fontSize:"11px"}}
-                                     data-orchid-ref="ref-68izx32kka"
                                    >
                                      <aside
                                        data-orchids-id="src/components/animations/BankingDashboard.tsx:77:12"
                                        data-orchids-name="aside"
                                        className="w-[140px] border-r border-gray-100/80 p-3 flex flex-col justify-bet..."
-                                       data-orchid-ref="ref-r6ixvsfl1x"
                                      >
                                        <div
                                          data-orchids-id="src/components/animations/BankingDashboard.tsx:78:16"
                                          data-orchids-name="div"
-                                         data-orchid-ref="ref-o3ytt3futa"
                                        >
                                          <div
                                            data-orchids-id="src/components/animations/BankingDashboard.tsx:79:20"
                                            data-orchids-name="div"
                                            className="flex items-center gap-1.5 mb-5 px-0.5"
-                                           data-orchid-ref="ref-ibp1t79qdo"
                                          >
                                    ... [truncated]
2026-02-07T18:16:30.220Z [console][error] A tree hydrated but some attributes of the server rendered HTML didn't match the client properties. This won't be patched up. This can happen if a SSR-ed Client Component used:

- A server/client branch `if (typeof window !== 'undefined')`.
- Variable input such as `Date.now()` or `Math.random()` which changes each time it's called.
- Date formatting in a user's locale which doesn't match the server.
- External changing data without sending a snapshot of it along with the HTML.
- Invalid HTML tag nesting.

It can also happen if the client has a browser extension installed which messes with the HTML before React loaded.

%s%s https://react.dev/link/hydration-mismatch 

  ...
    <ErrorBoundary errorComponent={undefined} errorStyles={undefined} errorScripts={undefined}>
      <LoadingBoundary loading={null}>
        <HTTPAccessFallbackBoundary notFound={undefined} forbidden={undefined} unauthorized={undefined}>
          <RedirectBoundary>
            <RedirectErrorBoundary router={{...}}>
              <InnerLayoutRouter url="/animations" tree={[...]} cacheNode={{lazyData:null, ...}} segmentPath={[...]}>
                <SegmentViewNode type="page" pagePath="/Documents...">
                  <SegmentTrieNode>
                  <ClientPageRoot Component={function AnimationPage} searchParams={{}} params={{}}>
                    <AnimationPage params={Promise} searchParams={Promise}>
                      <main data-orchids-id="src/app/an..." data-orchids-name="main" className="relative h...">
                        <div>
                        <div>
                        <div data-orchids-id="src/app/an..." data-orchids-name="div" className="relative z..." ...>
                          <div>
                          <div data-orchids-id="src/app/an..." data-orchids-name="div" className="flex-1 bor...">
                            <AutomatedBankingDemo data-orchids-id="src/app/an..." data-orchids-name="DemoComponent">
                              <div
                                data-orchids-id="src/components/animations/AutomatedBankingDemo.tsx:116:8@containerRef"
                                data-orchids-name="div"
                                ref={{current:null}}
                                className="relative w-full h-full bg-white overflow-hidden"
-                               data-orchid-ref="ref-de27sl1b1t"
                              >
                                ...
                                  <motion.div data-orchids-id="src/compon..." data-orchids-name="motion.div" ...>
                                    <div
                                      data-orchids-id="src/components/animations/AutomatedBankingDemo.tsx:120:20"
                                      data-orchids-name="motion.div"
                                      className="absolute inset-0"
                                      style={{opacity:0,transform:"scale(0.98)"}}
                                      ref={function useMotionRef.useCallback}
-                                     data-orchid-ref="ref-2hiliqi719"
                                    >
                                      <BankingDashboard data-orchids-id="src/compon..." data-orchids-name="BankingDas...">
                                        <div
                                          data-orchids-id="src/components/animations/BankingDashboard.tsx:75:8"
                                          data-orchids-name="div"
                                          className="flex w-full h-full bg-white text-slate-800 overflow-hidden"
                                          style={{fontFamily:"var(--font...",fontSize:"11px"}}
-                                         data-orchid-ref="ref-jdv6x84dcg"
                                        >
                                          <aside
                                            data-orchids-id="src/components/animations/BankingDashboard.tsx:77:12"
                                            dat... [truncated]
2026-02-07T18:18:06.619Z [console][error] A tree hydrated but some attributes of the server rendered HTML didn't match the client properties. This won't be patched up. This can happen if a SSR-ed Client Component used:

- A server/client branch `if (typeof window !== 'undefined')`.
- Variable input such as `Date.now()` or `Math.random()` which changes each time it's called.
- Date formatting in a user's locale which doesn't match the server.
- External changing data without sending a snapshot of it along with the HTML.
- Invalid HTML tag nesting.

It can also happen if the client has a browser extension installed which messes with the HTML before React loaded.

%s%s https://react.dev/link/hydration-mismatch 

  ...
    <RenderFromTemplateContext>
      <ScrollAndFocusHandler segmentPath={[...]}>
        <InnerScrollAndFocusHandler segmentPath={[...]} focusAndScrollRef={{apply:false, ...}}>
          <ErrorBoundary errorComponent={undefined} errorStyles={undefined} errorScripts={undefined}>
            <LoadingBoundary loading={null}>
              <HTTPAccessFallbackBoundary notFound={undefined} forbidden={undefined} unauthorized={undefined}>
                <RedirectBoundary>
                  <RedirectErrorBoundary router={{...}}>
                    <InnerLayoutRouter url="/animations" tree={[...]} cacheNode={{lazyData:null, ...}} ...>
                      <SegmentViewNode type="page" pagePath="/Documents...">
                        <SegmentTrieNode>
                        <ClientPageRoot Component={function AnimationPage} searchParams={{}} params={{}}>
                          <AnimationPage params={Promise} searchParams={Promise}>
                            <main data-orchids-id="src/app/an..." data-orchids-name="main" className="relative h...">
                              <div>
                              <div data-orchids-id="src/app/an..." data-orchids-name="div" className="fixed top-...">
                                <LinkComponent>
                                <div data-orchids-id="src/app/an..." data-orchids-name="div" className="flex items...">
                                  <button>
                                  <button>
                                  <button>
                                  <button>
                                  <button>
                                  <button
                                    data-orchids-id="src/app/animations/page.tsx:104:28@demos"
                                    data-orchids-name="button"
                                    onClick={function onClick}
                                    className="flex items-center gap-2 px-3 py-1.5 rounded-md text-[11px] font-medium ..."
-                                   data-orchid-ref="ref-k13ntwsmfn"
                                  >
                                    <Target data-orchids-id="src/app/an..." data-orchids-name="Icon" size={12}>
                                      <svg
                                        ref={null}
                                        xmlns="http://www.w3.org/2000/svg"
                                        width={12}
                                        height={12}
                                        viewBox="0 0 24 24"
                                        fill="none"
                                        stroke="currentColor"
                                        strokeWidth={2}
                                        strokeLinecap="round"
                                        strokeLinejoin="round"
                                        className="lucide lucide-target"
                                        aria-hidden="true"
                                        data-orchids-id="src/app/animations/page.tsx:113:32@demos"
                                        data-orchids-name="Icon"
-                                       data-orchid-ref="ref-9d7iyeqinz"
                                      >
                                        <circle
                                ... [truncated]
2026-02-07T18:18:06.618Z [console][error] A tree hydrated but some attributes of the server rendered HTML didn't match the client properties. This won't be patched up. This can happen if a SSR-ed Client Component used:

- A server/client branch `if (typeof window !== 'undefined')`.
- Variable input such as `Date.now()` or `Math.random()` which changes each time it's called.
- Date formatting in a user's locale which doesn't match the server.
- External changing data without sending a snapshot of it along with the HTML.
- Invalid HTML tag nesting.

It can also happen if the client has a browser extension installed which messes with the HTML before React loaded.

%s%s https://react.dev/link/hydration-mismatch 

  ...
    <RenderFromTemplateContext>
      <ScrollAndFocusHandler segmentPath={[...]}>
        <InnerScrollAndFocusHandler segmentPath={[...]} focusAndScrollRef={{apply:false, ...}}>
          <ErrorBoundary errorComponent={undefined} errorStyles={undefined} errorScripts={undefined}>
            <LoadingBoundary loading={null}>
              <HTTPAccessFallbackBoundary notFound={undefined} forbidden={undefined} unauthorized={undefined}>
                <RedirectBoundary>
                  <RedirectErrorBoundary router={{...}}>
                    <InnerLayoutRouter url="/animations" tree={[...]} cacheNode={{lazyData:null, ...}} ...>
                      <SegmentViewNode type="page" pagePath="/Documents...">
                        <SegmentTrieNode>
                        <ClientPageRoot Component={function AnimationPage} searchParams={{}} params={{}}>
                          <AnimationPage params={Promise} searchParams={Promise}>
                            <main data-orchids-id="src/app/an..." data-orchids-name="main" className="relative h...">
                              <div>
                              <div data-orchids-id="src/app/an..." data-orchids-name="div" className="fixed top-...">
                                <LinkComponent>
                                <div data-orchids-id="...
2026-02-07T18:30:20.379Z [console][error] A tree hydrated but some attributes of the server rendered HTML didn't match the client properties. This won't be patched up. This can happen if a SSR-ed Client Component used:

- A server/client branch `if (typeof window !== 'undefined')`.
- Variable input such as `Date.now()` or `Math.random()` which changes each time it's called.
- Date formatting in a user's locale which doesn't match the server.
- External changing data without sending a snapshot of it along with the HTML.
- Invalid HTML tag nesting.

It can also happen if the client has a browser extension installed which messes with the HTML before React loaded.

%s%s https://react.dev/link/hydration-mismatch 

  ...
    <HotReload assetPrefix="" globalError={[...]}>
      <AppDevOverlayErrorBoundary globalError={[...]}>
        <ReplaySsrOnlyErrors>
        <DevRootHTTPAccessFallbackBoundary>
          <HTTPAccessFallbackBoundary notFound={<NotAllowedRootHTTPFallbackError>}>
            <HTTPAccessFallbackErrorBoundary pathname="/" notFound={<NotAllowedRootHTTPFallbackError>} ...>
              <RedirectBoundary>
                <RedirectErrorBoundary router={{...}}>
                  <Head headCacheNode={{lazyData:null, ...}}>
                    <__next_viewport_boundary__>
                    <meta>
                    <MetadataTree>
                      <__next_metadata_boundary__>
                        <__next_metadata_boundary__>
                          <div
                            hidden={true}
-                           data-orchid-ref="ref-kicd24k8oy"
                          >
                  <__next_root_layout_boundary__>
                    <SegmentViewNode type="layout" pagePath="/Documents...">
                      <SegmentTrieNode>
                      <link>
                      <script>
                      <script>
                      <RootLayout>
                        <html data-orchids-id="src/app/la..." data-orchids-name="html" lang="en" ...>
                          <body
                            data-orchids-id="src/app/layout.tsx:33:6"
                            data-orchids-name="body"
                            className="geist_a71539c9-module__T19VSG__variable geist_mono_8d43a2aa-module__8Li5zG__var..."
-                           data-orchid-ref="ref-i12vfuf8ju"
                          >
                            ...
                              <SegmentViewNode type="page" pagePath="/Documents...">
                                <SegmentTrieNode>
                                <ClientPageRoot Component={function Home} searchParams={{}} params={{}}>
                                  <Home params={Promise} searchParams={Promise}>
                                    <div
                                      data-orchids-id="src/app/page.tsx:13:4"
                                      data-orchids-name="div"
                                      className="flex h-screen items-center justify-center bg-background"
-                                     data-orchid-ref="ref-nc33l0btji"
                                    >
                                      <div
                                        data-orchids-id="src/app/page.tsx:14:6"
                                        data-orchids-name="div"
                                        className="flex flex-col items-center gap-4"
-                                       data-orchid-ref="ref-udaf2o8idp"
                                      >
                                        <div
                                          data-orchids-id="src/app/page.tsx:15:8"
                                          data-orchids-name="div"
                                          className="h-12 w-12 animate-spin rounded-full border-4 border-indigo-500 bo..."
-                                         data-orchid-ref="ref-rmgv7k22p1"
                                        >
                                        <p
                                          data... [truncated]
2026-02-07T18:30:24.663Z [console][error] A tree hydrated but some attributes of the server rendered HTML didn't match the client properties. This won't be patched up. This can happen if a SSR-ed Client Component used:

- A server/client branch `if (typeof window !== 'undefined')`.
- Variable input such as `Date.now()` or `Math.random()` which changes each time it's called.
- Date formatting in a user's locale which doesn't match the server.
- External changing data without sending a snapshot of it along with the HTML.
- Invalid HTML tag nesting.

It can also happen if the client has a browser extension installed which messes with the HTML before React loaded.

%s%s https://react.dev/link/hydration-mismatch 

  ...
    <LoadingBoundary loading={null}>
      <HTTPAccessFallbackBoundary notFound={undefined} forbidden={undefined} unauthorized={undefined}>
        <RedirectBoundary>
          <RedirectErrorBoundary router={{...}}>
            <InnerLayoutRouter url="/animations" tree={[...]} cacheNode={{lazyData:null, ...}} segmentPath={[...]}>
              <SegmentViewNode type="page" pagePath="/Documents...">
                <SegmentTrieNode>
                <ClientPageRoot Component={function AnimationPage} searchParams={{}} params={{}}>
                  <AnimationPage params={Promise} searchParams={Promise}>
                    <main data-orchids-id="src/app/an..." data-orchids-name="main" className="relative h...">
                      <div>
                      <div>
                      <div data-orchids-id="src/app/an..." data-orchids-name="div" className="relative z..." ...>
                        <div>
                        <div data-orchids-id="src/app/an..." data-orchids-name="div" className="flex-1 bor...">
                          <AutomatedBankingDemo data-orchids-id="src/app/an..." data-orchids-name="DemoComponent">
                            <div data-orchids-id="src/compon..." data-orchids-name="div" ref={{current:null}} ...>
                              ...
                                <div data-orchids-id="src/compon..." data-orchids-name="motion.div" ...>
                                  <BankingDashboard data-orchids-id="src/compon..." data-orchids-name="BankingDas...">
                                    <div
                                      data-orchids-id="src/components/animations/BankingDashboard.tsx:75:8"
                                      data-orchids-name="div"
                                      className="flex w-full h-full bg-white text-slate-800 overflow-hidden"
                                      style={{fontFamily:"var(--font...",fontSize:"11px"}}
-                                     data-orchid-ref="ref-3xbdw6ryqi"
                                    >
                                      <aside
                                        data-orchids-id="src/components/animations/BankingDashboard.tsx:77:12"
                                        data-orchids-name="aside"
                                        className="w-[140px] border-r border-gray-100/80 p-3 flex flex-col justify-bet..."
-                                       data-orchid-ref="ref-hwd6mkcih7"
                                      >
                                        <div
                                          data-orchids-id="src/components/animations/BankingDashboard.tsx:78:16"
                                          data-orchids-name="div"
-                                         data-orchid-ref="ref-lsjfe0br07"
                                        >
                                          <div
                                            data-orchids-id="src/components/animations/BankingDashboard.tsx:79:20"
                                            data-orchids-name="div"
                                            className="flex items-center gap-1.5 mb-5 px-0.5"
-                                           data-orchid-ref="ref-l6mkt08uoi"
                                          >
                                    ... [truncated]
2026-02-07T18:30:45.185Z [console][error] A tree hydrated but some attributes of the server rendered HTML didn't match the client properties. This won't be patched up. This can happen if a SSR-ed Client Component used:

- A server/client branch `if (typeof window !== 'undefined')`.
- Variable input such as `Date.now()` or `Math.random()` which changes each time it's called.
- Date formatting in a user's locale which doesn't match the server.
- External changing data without sending a snapshot of it along with the HTML.
- Invalid HTML tag nesting.

It can also happen if the client has a browser extension installed which messes with the HTML before React loaded.

%s%s https://react.dev/link/hydration-mismatch 

  ...
    <LoadingBoundary loading={null}>
      <HTTPAccessFallbackBoundary notFound={undefined} forbidden={undefined} unauthorized={undefined}>
        <RedirectBoundary>
          <RedirectErrorBoundary router={{...}}>
            <InnerLayoutRouter url="/animations" tree={[...]} cacheNode={{lazyData:null, ...}} segmentPath={[...]}>
              <SegmentViewNode type="page" pagePath="/Documents...">
                <SegmentTrieNode>
                <ClientPageRoot Component={function AnimationPage} searchParams={{}} params={{}}>
                  <AnimationPage params={Promise} searchParams={Promise}>
                    <main data-orchids-id="src/app/an..." data-orchids-name="main" className="relative h...">
                      <div>
                      <div>
                      <div data-orchids-id="src/app/an..." data-orchids-name="div" className="relative z..." ...>
                        <div>
                        <div data-orchids-id="src/app/an..." data-orchids-name="div" className="flex-1 bor...">
                          <AutomatedBankingDemo data-orchids-id="src/app/an..." data-orchids-name="DemoComponent">
                            <div data-orchids-id="src/compon..." data-orchids-name="div" ref={{current:null}} ...>
                              ...
                                <BankingDashboard data-orchids-id="src/compon..." data-orchids-name="BankingDas...">
                                  <div data-orchids-id="src/compon..." data-orchids-name="div" className="flex w-ful..." ...>
                                    <aside>
                                    <main data-orchids-id="src/compon..." data-orchids-name="main" ...>
                                      <div data-orchids-id="src/compon..." data-orchids-name="div" ...>
                                        <div>
                                        <div data-orchids-id="src/compon..." data-orchids-name="div" ...>
                                          <div>
                                          <div data-orchids-id="src/compon..." data-orchids-name="div" ...>
                                            <Bell data-orchids-id="src/compon..." data-orchids-name="Bell" size={10} ...>
                                              <svg
                                                ref={null}
                                                xmlns="http://www.w3.org/2000/svg"
                                                width={10}
                                                height={10}
                                                viewBox="0 0 24 24"
                                                fill="none"
                                                stroke="currentColor"
                                                strokeWidth={2}
                                                strokeLinecap="round"
                                                strokeLinejoin="round"
                                                className="lucide lucide-bell text-slate-400"
                                                aria-hidden="true"
                                                data-orchids-id="src/components/animations/BankingDashboard.tsx:146:28"
                                                data-orchids-name="Bell"
-                             ... [truncated]
2026-02-07T18:30:45.184Z [console][error] A tree hydrated but some attributes of the server rendered HTML didn't match the client properties. This won't be patched up. This can happen if a SSR-ed Client Component used:

- A server/client branch `if (typeof window !== 'undefined')`.
- Variable input such as `Date.now()` or `Math.random()` which changes each time it's called.
- Date formatting in a user's locale which doesn't match the server.
- External changing data without sending a snapshot of it along with the HTML.
- Invalid HTML tag nesting.

It can also happen if the client has a browser extension installed which messes with the HTML before React loaded.

%s%s https://react.dev/link/hydration-mismatch 

  ...
    <LoadingBoundary loading={null}>
      <HTTPAccessFallbackBoundary notFound={undefined} forbidden={undefined} unauthorized={undefined}>
        <RedirectBoundary>
          <RedirectErrorBoundary router={{...}}>
            <InnerLayoutRouter url="/animations" tree={[...]} cacheNode={{lazyData:null, ...}} segmentPath={[...]}>
              <SegmentViewNode type="page" pagePath="/Documents...">
                <SegmentTrieNode>
                <ClientPageRoot Component={function AnimationPage} searchParams={{}} params={{}}>
                  <AnimationPage params={Promise} searchParams={Promise}>
                    <main data-orchids-id="src/app/an..." data-orchids-name="main" className="relative h...">
                      <div>
                      <div>
                      <div data-orchids-id="src/app/an..." data-orchids-name="div" className="relative z..." ...>
                        <div>
                        <div data-orchids-id="src/app/an..." data-orchids-name="div" className="flex-1 bor...">
                          <AutomatedBankingDemo data-orchids-id="src/app/an..." data-orchids-name="DemoComponent">
                            <div data-orchids-id="src/compon..." data-orchids-name="div" ref={{current:null}} ...>
                              ...
                        ...
2026-02-07T18:30:20.379Z [console][error] A tree hydrated but some attributes of the server rendered HTML didn't match the client properties. This won't be patched up. This can happen if a SSR-ed Client Component used:

- A server/client branch `if (typeof window !== 'undefined')`.
- Variable input such as `Date.now()` or `Math.random()` which changes each time it's called.
- Date formatting in a user's locale which doesn't match the server.
- External changing data without sending a snapshot of it along with the HTML.
- Invalid HTML tag nesting.

It can also happen if the client has a browser extension installed which messes with the HTML before React loaded.

%s%s https://react.dev/link/hydration-mismatch 

  ...
    <HotReload assetPrefix="" globalError={[...]}>
      <AppDevOverlayErrorBoundary globalError={[...]}>
        <ReplaySsrOnlyErrors>
        <DevRootHTTPAccessFallbackBoundary>
          <HTTPAccessFallbackBoundary notFound={<NotAllowedRootHTTPFallbackError>}>
            <HTTPAccessFallbackErrorBoundary pathname="/" notFound={<NotAllowedRootHTTPFallbackError>} ...>
              <RedirectBoundary>
                <RedirectErrorBoundary router={{...}}>
                  <Head headCacheNode={{lazyData:null, ...}}>
                    <__next_viewport_boundary__>
                    <meta>
                    <MetadataTree>
                      <__next_metadata_boundary__>
                        <__next_metadata_boundary__>
                          <div
                            hidden={true}
-                           data-orchid-ref="ref-kicd24k8oy"
                          >
                  <__next_root_layout_boundary__>
                    <SegmentViewNode type="layout" pagePath="/Documents...">
                      <SegmentTrieNode>
                      <link>
                      <script>
                      <script>
                      <RootLayout>
                        <html data-orchids-id="src/app/la..." data-orchids-name="html" lang="en" ...>
                          <body
                            data-orchids-id="src/app/layout.tsx:33:6"
                            data-orchids-name="body"
                            className="geist_a71539c9-module__T19VSG__variable geist_mono_8d43a2aa-module__8Li5zG__var..."
-                           data-orchid-ref="ref-i12vfuf8ju"
                          >
                            ...
                              <SegmentViewNode type="page" pagePath="/Documents...">
                                <SegmentTrieNode>
                                <ClientPageRoot Component={function Home} searchParams={{}} params={{}}>
                                  <Home params={Promise} searchParams={Promise}>
                                    <div
                                      data-orchids-id="src/app/page.tsx:13:4"
                                      data-orchids-name="div"
                                      className="flex h-screen items-center justify-center bg-background"
-                                     data-orchid-ref="ref-nc33l0btji"
                                    >
                                      <div
                                        data-orchids-id="src/app/page.tsx:14:6"
                                        data-orchids-name="div"
                                        className="flex flex-col items-center gap-4"
-                                       data-orchid-ref="ref-udaf2o8idp"
                                      >
                                        <div
                                          data-orchids-id="src/app/page.tsx:15:8"
                                          data-orchids-name="div"
                                          className="h-12 w-12 animate-spin rounded-full border-4 border-indigo-500 bo..."
-                                         data-orchid-ref="ref-rmgv7k22p1"
                                        >
                                        <p
                                          data... [truncated]
2026-02-07T18:30:24.663Z [console][error] A tree hydrated but some attributes of the server rendered HTML didn't match the client properties. This won't be patched up. This can happen if a SSR-ed Client Component used:

- A server/client branch `if (typeof window !== 'undefined')`.
- Variable input such as `Date.now()` or `Math.random()` which changes each time it's called.
- Date formatting in a user's locale which doesn't match the server.
- External changing data without sending a snapshot of it along with the HTML.
- Invalid HTML tag nesting.

It can also happen if the client has a browser extension installed which messes with the HTML before React loaded.

%s%s https://react.dev/link/hydration-mismatch 

  ...
    <LoadingBoundary loading={null}>
      <HTTPAccessFallbackBoundary notFound={undefined} forbidden={undefined} unauthorized={undefined}>
        <RedirectBoundary>
          <RedirectErrorBoundary router={{...}}>
            <InnerLayoutRouter url="/animations" tree={[...]} cacheNode={{lazyData:null, ...}} segmentPath={[...]}>
              <SegmentViewNode type="page" pagePath="/Documents...">
                <SegmentTrieNode>
                <ClientPageRoot Component={function AnimationPage} searchParams={{}} params={{}}>
                  <AnimationPage params={Promise} searchParams={Promise}>
                    <main data-orchids-id="src/app/an..." data-orchids-name="main" className="relative h...">
                      <div>
                      <div>
                      <div data-orchids-id="src/app/an..." data-orchids-name="div" className="relative z..." ...>
                        <div>
                        <div data-orchids-id="src/app/an..." data-orchids-name="div" className="flex-1 bor...">
                          <AutomatedBankingDemo data-orchids-id="src/app/an..." data-orchids-name="DemoComponent">
                            <div data-orchids-id="src/compon..." data-orchids-name="div" ref={{current:null}} ...>
                              ...
                                <div data-orchids-id="src/compon..." data-orchids-name="motion.div" ...>
                                  <BankingDashboard data-orchids-id="src/compon..." data-orchids-name="BankingDas...">
                                    <div
                                      data-orchids-id="src/components/animations/BankingDashboard.tsx:75:8"
                                      data-orchids-name="div"
                                      className="flex w-full h-full bg-white text-slate-800 overflow-hidden"
                                      style={{fontFamily:"var(--font...",fontSize:"11px"}}
-                                     data-orchid-ref="ref-3xbdw6ryqi"
                                    >
                                      <aside
                                        data-orchids-id="src/components/animations/BankingDashboard.tsx:77:12"
                                        data-orchids-name="aside"
                                        className="w-[140px] border-r border-gray-100/80 p-3 flex flex-col justify-bet..."
-                                       data-orchid-ref="ref-hwd6mkcih7"
                                      >
                                        <div
                                          data-orchids-id="src/components/animations/BankingDashboard.tsx:78:16"
                                          data-orchids-name="div"
-                                         data-orchid-ref="ref-lsjfe0br07"
                                        >
                                          <div
                                            data-orchids-id="src/components/animations/BankingDashboard.tsx:79:20"
                                            data-orchids-name="div"
                                            className="flex items-center gap-1.5 mb-5 px-0.5"
-                                           data-orchid-ref="ref-l6mkt08uoi"
                                          >
                                    ... [truncated]
2026-02-07T18:30:45.185Z [console][error] A tree hydrated but some attributes of the server rendered HTML didn't match the client properties. This won't be patched up. This can happen if a SSR-ed Client Component used:

- A server/client branch `if (typeof window !== 'undefined')`.
- Variable input such as `Date.now()` or `Math.random()` which changes each time it's called.
- Date formatting in a user's locale which doesn't match the server.
- External changing data without sending a snapshot of it along with the HTML.
- Invalid HTML tag nesting.

It can also happen if the client has a browser extension installed which messes with the HTML before React loaded.

%s%s https://react.dev/link/hydration-mismatch 

  ...
    <LoadingBoundary loading={null}>
      <HTTPAccessFallbackBoundary notFound={undefined} forbidden={undefined} unauthorized={undefined}>
        <RedirectBoundary>
          <RedirectErrorBoundary router={{...}}>
            <InnerLayoutRouter url="/animations" tree={[...]} cacheNode={{lazyData:null, ...}} segmentPath={[...]}>
              <SegmentViewNode type="page" pagePath="/Documents...">
                <SegmentTrieNode>
                <ClientPageRoot Component={function AnimationPage} searchParams={{}} params={{}}>
                  <AnimationPage params={Promise} searchParams={Promise}>
                    <main data-orchids-id="src/app/an..." data-orchids-name="main" className="relative h...">
                      <div>
                      <div>
                      <div data-orchids-id="src/app/an..." data-orchids-name="div" className="relative z..." ...>
                        <div>
                        <div data-orchids-id="src/app/an..." data-orchids-name="div" className="flex-1 bor...">
                          <AutomatedBankingDemo data-orchids-id="src/app/an..." data-orchids-name="DemoComponent">
                            <div data-orchids-id="src/compon..." data-orchids-name="div" ref={{current:null}} ...>
                              ...
                                <BankingDashboard data-orchids-id="src/compon..." data-orchids-name="BankingDas...">
                                  <div data-orchids-id="src/compon..." data-orchids-name="div" className="flex w-ful..." ...>
                                    <aside>
                                    <main data-orchids-id="src/compon..." data-orchids-name="main" ...>
                                      <div data-orchids-id="src/compon..." data-orchids-name="div" ...>
                                        <div>
                                        <div data-orchids-id="src/compon..." data-orchids-name="div" ...>
                                          <div>
                                          <div data-orchids-id="src/compon..." data-orchids-name="div" ...>
                                            <Bell data-orchids-id="src/compon..." data-orchids-name="Bell" size={10} ...>
                                              <svg
                                                ref={null}
                                                xmlns="http://www.w3.org/2000/svg"
                                                width={10}
                                                height={10}
                                                viewBox="0 0 24 24"
                                                fill="none"
                                                stroke="currentColor"
                                                strokeWidth={2}
                                                strokeLinecap="round"
                                                strokeLinejoin="round"
                                                className="lucide lucide-bell text-slate-400"
                                                aria-hidden="true"
                                                data-orchids-id="src/components/animations/BankingDashboard.tsx:146:28"
                                                data-orchids-name="Bell"
-                             ... [truncated]
2026-02-07T18:32:36.079Z [console][error] A tree hydrated but some attributes of the server rendered HTML didn't match the client properties. This won't be patched up. This can happen if a SSR-ed Client Component used:

- A server/client branch `if (typeof window !== 'undefined')`.
- Variable input such as `Date.now()` or `Math.random()` which changes each time it's called.
- Date formatting in a user's locale which doesn't match the server.
- External changing data without sending a snapshot of it along with the HTML.
- Invalid HTML tag nesting.

It can also happen if the client has a browser extension installed which messes with the HTML before React loaded.

%s%s https://react.dev/link/hydration-mismatch 

  ...
    <RenderFromTemplateContext>
      <ScrollAndFocusHandler segmentPath={[...]}>
        <InnerScrollAndFocusHandler segmentPath={[...]} focusAndScrollRef={{apply:false, ...}}>
          <ErrorBoundary errorComponent={undefined} errorStyles={undefined} errorScripts={undefined}>
            <LoadingBoundary loading={null}>
              <HTTPAccessFallbackBoundary notFound={undefined} forbidden={undefined} unauthorized={undefined}>
                <RedirectBoundary>
                  <RedirectErrorBoundary router={{...}}>
                    <InnerLayoutRouter url="/animations" tree={[...]} cacheNode={{lazyData:null, ...}} ...>
                      <SegmentViewNode type="page" pagePath="/Documents...">
                        <SegmentTrieNode>
                        <ClientPageRoot Component={function AnimationPage} searchParams={{}} params={{}}>
                          <AnimationPage params={Promise} searchParams={Promise}>
                            <main data-orchids-id="src/app/an..." data-orchids-name="main" className="relative h...">
                              <div>
                              <div data-orchids-id="src/app/an..." data-orchids-name="div" className="fixed top-...">
                                <LinkComponent>
                                <div data-orchids-id="src/app/an..." data-orchids-name="div" className="flex items...">
                                  <button>
                                  <button>
                                  <button>
                                  <button>
                                  <button>
                                  <button>
                                  <button>
                                  <button data-orchids-id="src/app/an..." data-orchids-name="button" ...>
                                    <Database data-orchids-id="src/app/an..." data-orchids-name="Icon" size={12}>
                                      <svg
                                        ref={null}
                                        xmlns="http://www.w3.org/2000/svg"
                                        width={12}
                                        height={12}
                                        viewBox="0 0 24 24"
                                        fill="none"
                                        stroke="currentColor"
                                        strokeWidth={2}
                                        strokeLinecap="round"
                                        strokeLinejoin="round"
                                        className="lucide lucide-database"
                                        aria-hidden="true"
                                        data-orchids-id="src/app/animations/page.tsx:113:32@demos"
                                        data-orchids-name="Icon"
-                                       data-orchid-ref="ref-wc4gfsiq5i"
                                      >
                                        <ellipse
                                          cx="12"
                                          cy="5"
                                          rx="9"
                                          ry="3"
-                                         data-orchid-ref="ref-q0hyz1g7n8"
                                        >
            ... [truncated]
2026-02-07T18:32:36.078Z [console][error] A tree hydrated but some attributes of the server rendered HTML didn't match the client properties. This won't be patched up. This can happen if a SSR-ed Client Component used:

- A server/client branch `if (typeof window !== 'undefined')`.
- Variable input such as `Date.now()` or `Math.random()` which changes each time it's called.
- Date formatting in a user's locale which doesn't match the server.
- External changing data without sending a snapshot of it along with the HTML.
- Invalid HTML tag nesting.

It can also happen if the client has a browser extension installed which messes with the HTML before React loaded.

%s%s https://react.dev/link/hydration-mismatch 

  ...
    <RenderFromTemplateContext>
      <ScrollAndFocusHandler segmentPath={[...]}>
        <InnerScrollAndFocusHandler segmentPath={[...]} focusAndScrollRef={{apply:false, ...}}>
          <ErrorBoundary errorComponent={undefined} errorStyles={undefined} errorScripts={undefined}>
            <LoadingBoundary loading={null}>
              <HTTPAccessFallbackBoundary notFound={undefined} forbidden={undefined} unauthorized={undefined}>
                <RedirectBoundary>
                  <RedirectErrorBoundary router={{...}}>
                    <InnerLayoutRouter url="/animations" tree={[...]} cacheNode={{lazyData:null, ...}} ...>
                      <SegmentViewNode type="page" pagePath="/Documents...">
                        <SegmentTrieNode>
                        <ClientPageRoot Component={function AnimationPage} searchParams={{}} params={{}}>
                          <AnimationPage params={Promise} searchParams={Promise}>
                            <main data-orchids-id="src/app/an..." data-orchids-name="main" className="relative h...">
                              <div>
                              <div data-orchids-id="src/app/an..." data-orchids-name="div" className="fixed top-...">
                                <LinkComponent>
                                <div data-orchids-id="...
2026-02-07T18:30:20.379Z [console][error] A tree hydrated but some attributes of the server rendered HTML didn't match the client properties. This won't be patched up. This can happen if a SSR-ed Client Component used:

- A server/client branch `if (typeof window !== 'undefined')`.
- Variable input such as `Date.now()` or `Math.random()` which changes each time it's called.
- Date formatting in a user's locale which doesn't match the server.
- External changing data without sending a snapshot of it along with the HTML.
- Invalid HTML tag nesting.

It can also happen if the client has a browser extension installed which messes with the HTML before React loaded.

%s%s https://react.dev/link/hydration-mismatch 

  ...
    <HotReload assetPrefix="" globalError={[...]}>
      <AppDevOverlayErrorBoundary globalError={[...]}>
        <ReplaySsrOnlyErrors>
        <DevRootHTTPAccessFallbackBoundary>
          <HTTPAccessFallbackBoundary notFound={<NotAllowedRootHTTPFallbackError>}>
            <HTTPAccessFallbackErrorBoundary pathname="/" notFound={<NotAllowedRootHTTPFallbackError>} ...>
              <RedirectBoundary>
                <RedirectErrorBoundary router={{...}}>
                  <Head headCacheNode={{lazyData:null, ...}}>
                    <__next_viewport_boundary__>
                    <meta>
                    <MetadataTree>
                      <__next_metadata_boundary__>
                        <__next_metadata_boundary__>
                          <div
                            hidden={true}
-                           data-orchid-ref="ref-kicd24k8oy"
                          >
                  <__next_root_layout_boundary__>
                    <SegmentViewNode type="layout" pagePath="/Documents...">
                      <SegmentTrieNode>
                      <link>
                      <script>
                      <script>
                      <RootLayout>
                        <html data-orchids-id="src/app/la..." data-orchids-name="html" lang="en" ...>
                          <body
                            data-orchids-id="src/app/layout.tsx:33:6"
                            data-orchids-name="body"
                            className="geist_a71539c9-module__T19VSG__variable geist_mono_8d43a2aa-module__8Li5zG__var..."
-                           data-orchid-ref="ref-i12vfuf8ju"
                          >
                            ...
                              <SegmentViewNode type="page" pagePath="/Documents...">
                                <SegmentTrieNode>
                                <ClientPageRoot Component={function Home} searchParams={{}} params={{}}>
                                  <Home params={Promise} searchParams={Promise}>
                                    <div
                                      data-orchids-id="src/app/page.tsx:13:4"
                                      data-orchids-name="div"
                                      className="flex h-screen items-center justify-center bg-background"
-                                     data-orchid-ref="ref-nc33l0btji"
                                    >
                                      <div
                                        data-orchids-id="src/app/page.tsx:14:6"
                                        data-orchids-name="div"
                                        className="flex flex-col items-center gap-4"
-                                       data-orchid-ref="ref-udaf2o8idp"
                                      >
                                        <div
                                          data-orchids-id="src/app/page.tsx:15:8"
                                          data-orchids-name="div"
                                          className="h-12 w-12 animate-spin rounded-full border-4 border-indigo-500 bo..."
-                                         data-orchid-ref="ref-rmgv7k22p1"
                                        >
                                        <p
                                          data... [truncated]
2026-02-07T18:30:24.663Z [console][error] A tree hydrated but some attributes of the server rendered HTML didn't match the client properties. This won't be patched up. This can happen if a SSR-ed Client Component used:

- A server/client branch `if (typeof window !== 'undefined')`.
- Variable input such as `Date.now()` or `Math.random()` which changes each time it's called.
- Date formatting in a user's locale which doesn't match the server.
- External changing data without sending a snapshot of it along with the HTML.
- Invalid HTML tag nesting.

It can also happen if the client has a browser extension installed which messes with the HTML before React loaded.

%s%s https://react.dev/link/hydration-mismatch 

  ...
    <LoadingBoundary loading={null}>
      <HTTPAccessFallbackBoundary notFound={undefined} forbidden={undefined} unauthorized={undefined}>
        <RedirectBoundary>
          <RedirectErrorBoundary router={{...}}>
            <InnerLayoutRouter url="/animations" tree={[...]} cacheNode={{lazyData:null, ...}} segmentPath={[...]}>
              <SegmentViewNode type="page" pagePath="/Documents...">
                <SegmentTrieNode>
                <ClientPageRoot Component={function AnimationPage} searchParams={{}} params={{}}>
                  <AnimationPage params={Promise} searchParams={Promise}>
                    <main data-orchids-id="src/app/an..." data-orchids-name="main" className="relative h...">
                      <div>
                      <div>
                      <div data-orchids-id="src/app/an..." data-orchids-name="div" className="relative z..." ...>
                        <div>
                        <div data-orchids-id="src/app/an..." data-orchids-name="div" className="flex-1 bor...">
                          <AutomatedBankingDemo data-orchids-id="src/app/an..." data-orchids-name="DemoComponent">
                            <div data-orchids-id="src/compon..." data-orchids-name="div" ref={{current:null}} ...>
                              ...
                                <div data-orchids-id="src/compon..." data-orchids-name="motion.div" ...>
                                  <BankingDashboard data-orchids-id="src/compon..." data-orchids-name="BankingDas...">
                                    <div
                                      data-orchids-id="src/components/animations/BankingDashboard.tsx:75:8"
                                      data-orchids-name="div"
                                      className="flex w-full h-full bg-white text-slate-800 overflow-hidden"
                                      style={{fontFamily:"var(--font...",fontSize:"11px"}}
-                                     data-orchid-ref="ref-3xbdw6ryqi"
                                    >
                                      <aside
                                        data-orchids-id="src/components/animations/BankingDashboard.tsx:77:12"
                                        data-orchids-name="aside"
                                        className="w-[140px] border-r border-gray-100/80 p-3 flex flex-col justify-bet..."
-                                       data-orchid-ref="ref-hwd6mkcih7"
                                      >
                                        <div
                                          data-orchids-id="src/components/animations/BankingDashboard.tsx:78:16"
                                          data-orchids-name="div"
-                                         data-orchid-ref="ref-lsjfe0br07"
                                        >
                                          <div
                                            data-orchids-id="src/components/animations/BankingDashboard.tsx:79:20"
                                            data-orchids-name="div"
                                            className="flex items-center gap-1.5 mb-5 px-0.5"
-                                           data-orchid-ref="ref-l6mkt08uoi"
                                          >
                                    ... [truncated]
2026-02-07T18:30:45.185Z [console][error] A tree hydrated but some attributes of the server rendered HTML didn't match the client properties. This won't be patched up. This can happen if a SSR-ed Client Component used:

- A server/client branch `if (typeof window !== 'undefined')`.
- Variable input such as `Date.now()` or `Math.random()` which changes each time it's called.
- Date formatting in a user's locale which doesn't match the server.
- External changing data without sending a snapshot of it along with the HTML.
- Invalid HTML tag nesting.

It can also happen if the client has a browser extension installed which messes with the HTML before React loaded.

%s%s https://react.dev/link/hydration-mismatch 

  ...
    <LoadingBoundary loading={null}>
      <HTTPAccessFallbackBoundary notFound={undefined} forbidden={undefined} unauthorized={undefined}>
        <RedirectBoundary>
          <RedirectErrorBoundary router={{...}}>
            <InnerLayoutRouter url="/animations" tree={[...]} cacheNode={{lazyData:null, ...}} segmentPath={[...]}>
              <SegmentViewNode type="page" pagePath="/Documents...">
                <SegmentTrieNode>
                <ClientPageRoot Component={function AnimationPage} searchParams={{}} params={{}}>
                  <AnimationPage params={Promise} searchParams={Promise}>
                    <main data-orchids-id="src/app/an..." data-orchids-name="main" className="relative h...">
                      <div>
                      <div>
                      <div data-orchids-id="src/app/an..." data-orchids-name="div" className="relative z..." ...>
                        <div>
                        <div data-orchids-id="src/app/an..." data-orchids-name="div" className="flex-1 bor...">
                          <AutomatedBankingDemo data-orchids-id="src/app/an..." data-orchids-name="DemoComponent">
                            <div data-orchids-id="src/compon..." data-orchids-name="div" ref={{current:null}} ...>
                              ...
                                <BankingDashboard data-orchids-id="src/compon..." data-orchids-name="BankingDas...">
                                  <div data-orchids-id="src/compon..." data-orchids-name="div" className="flex w-ful..." ...>
                                    <aside>
                                    <main data-orchids-id="src/compon..." data-orchids-name="main" ...>
                                      <div data-orchids-id="src/compon..." data-orchids-name="div" ...>
                                        <div>
                                        <div data-orchids-id="src/compon..." data-orchids-name="div" ...>
                                          <div>
                                          <div data-orchids-id="src/compon..." data-orchids-name="div" ...>
                                            <Bell data-orchids-id="src/compon..." data-orchids-name="Bell" size={10} ...>
                                              <svg
                                                ref={null}
                                                xmlns="http://www.w3.org/2000/svg"
                                                width={10}
                                                height={10}
                                                viewBox="0 0 24 24"
                                                fill="none"
                                                stroke="currentColor"
                                                strokeWidth={2}
                                                strokeLinecap="round"
                                                strokeLinejoin="round"
                                                className="lucide lucide-bell text-slate-400"
                                                aria-hidden="true"
                                                data-orchids-id="src/components/animations/BankingDashboard.tsx:146:28"
                                                data-orchids-name="Bell"
-                             ... [truncated]
2026-02-07T18:32:36.079Z [console][error] A tree hydrated but some attributes of the server rendered HTML didn't match the client properties. This won't be patched up. This can happen if a SSR-ed Client Component used:

- A server/client branch `if (typeof window !== 'undefined')`.
- Variable input such as `Date.now()` or `Math.random()` which changes each time it's called.
- Date formatting in a user's locale which doesn't match the server.
- External changing data without sending a snapshot of it along with the HTML.
- Invalid HTML tag nesting.

It can also happen if the client has a browser extension installed which messes with the HTML before React loaded.

%s%s https://react.dev/link/hydration-mismatch 

  ...
    <RenderFromTemplateContext>
      <ScrollAndFocusHandler segmentPath={[...]}>
        <InnerScrollAndFocusHandler segmentPath={[...]} focusAndScrollRef={{apply:false, ...}}>
          <ErrorBoundary errorComponent={undefined} errorStyles={undefined} errorScripts={undefined}>
            <LoadingBoundary loading={null}>
              <HTTPAccessFallbackBoundary notFound={undefined} forbidden={undefined} unauthorized={undefined}>
                <RedirectBoundary>
                  <RedirectErrorBoundary router={{...}}>
                    <InnerLayoutRouter url="/animations" tree={[...]} cacheNode={{lazyData:null, ...}} ...>
                      <SegmentViewNode type="page" pagePath="/Documents...">
                        <SegmentTrieNode>
                        <ClientPageRoot Component={function AnimationPage} searchParams={{}} params={{}}>
                          <AnimationPage params={Promise} searchParams={Promise}>
                            <main data-orchids-id="src/app/an..." data-orchids-name="main" className="relative h...">
                              <div>
                              <div data-orchids-id="src/app/an..." data-orchids-name="div" className="fixed top-...">
                                <LinkComponent>
                                <div data-orchids-id="src/app/an..." data-orchids-name="div" className="flex items...">
                                  <button>
                                  <button>
                                  <button>
                                  <button>
                                  <button>
                                  <button>
                                  <button>
                                  <button data-orchids-id="src/app/an..." data-orchids-name="button" ...>
                                    <Database data-orchids-id="src/app/an..." data-orchids-name="Icon" size={12}>
                                      <svg
                                        ref={null}
                                        xmlns="http://www.w3.org/2000/svg"
                                        width={12}
                                        height={12}
                                        viewBox="0 0 24 24"
                                        fill="none"
                                        stroke="currentColor"
                                        strokeWidth={2}
                                        strokeLinecap="round"
                                        strokeLinejoin="round"
                                        className="lucide lucide-database"
                                        aria-hidden="true"
                                        data-orchids-id="src/app/animations/page.tsx:113:32@demos"
                                        data-orchids-name="Icon"
-                                       data-orchid-ref="ref-wc4gfsiq5i"
                                      >
                                        <ellipse
                                          cx="12"
                                          cy="5"
                                          rx="9"
                                          ry="3"
-                                         data-orchid-ref="ref-q0hyz1g7n8"
                                        >
            ... [truncated]
2026-02-07T18:35:32.513Z [console][error] A tree hydrated but some attributes of the server rendered HTML didn't match the client properties. This won't be patched up. This can happen if a SSR-ed Client Component used:

- A server/client branch `if (typeof window !== 'undefined')`.
- Variable input such as `Date.now()` or `Math.random()` which changes each time it's called.
- Date formatting in a user's locale which doesn't match the server.
- External changing data without sending a snapshot of it along with the HTML.
- Invalid HTML tag nesting.

It can also happen if the client has a browser extension installed which messes with the HTML before React loaded.

%s%s https://react.dev/link/hydration-mismatch 

  ...
    <LoadingBoundary loading={null}>
      <HTTPAccessFallbackBoundary notFound={undefined} forbidden={undefined} unauthorized={undefined}>
        <RedirectBoundary>
          <RedirectErrorBoundary router={{...}}>
            <InnerLayoutRouter url="/animations" tree={[...]} cacheNode={{lazyData:null, ...}} segmentPath={[...]}>
              <SegmentViewNode type="page" pagePath="/Documents...">
                <SegmentTrieNode>
                <ClientPageRoot Component={function AnimationPage} searchParams={{}} params={{}}>
                  <AnimationPage params={Promise} searchParams={Promise}>
                    <main data-orchids-id="src/app/an..." data-orchids-name="main" className="relative h...">
                      <div>
                      <div>
                      <div data-orchids-id="src/app/an..." data-orchids-name="div" className="relative z..." ...>
                        <div>
                        <div data-orchids-id="src/app/an..." data-orchids-name="div" className="flex-1 bor...">
                          <AutomatedBankingDemo data-orchids-id="src/app/an..." data-orchids-name="DemoComponent">
                            <div data-orchids-id="src/compon..." data-orchids-name="div" ref={{current:null}} ...>
                              ...
                                <div data-orchids-id="src/compon..." data-orchids-name="motion.div" ...>
                                  <BankingDashboard data-orchids-id="src/compon..." data-orchids-name="BankingDas...">
                                    <div
                                      data-orchids-id="src/components/animations/BankingDashboard.tsx:75:8"
                                      data-orchids-name="div"
                                      className="flex w-full h-full bg-white text-slate-800 overflow-hidden"
                                      style={{fontFamily:"var(--font...",fontSize:"11px"}}
-                                     data-orchid-ref="ref-bscwxqjlku"
                                    >
                                      <aside
                                        data-orchids-id="src/components/animations/BankingDashboard.tsx:77:12"
                                        data-orchids-name="aside"
                                        className="w-[140px] border-r border-gray-100/80 p-3 flex flex-col justify-bet..."
-                                       data-orchid-ref="ref-3692sshjot"
                                      >
                                        <div
                                          data-orchids-id="src/components/animations/BankingDashboard.tsx:78:16"
                                          data-orchids-name="div"
-                                         data-orchid-ref="ref-jmkd2l5qct"
                                        >
                                          <div
                                            data-orchids-id="src/components/animations/BankingDashboard.tsx:79:20"
                                            data-orchids-name="div"
                                            className="flex items-center gap-1.5 mb-5 px-0.5"
-                                           data-orchid-ref="ref-y61b9zdxez"
                                          >
                                    ... [truncated]
2026-02-07T18:36:24.889Z [console][error] A tree hydrated but some attributes of the server rendered HTML didn't match the client properties. This won't be patched up. This can happen if a SSR-ed Client Component used:

- A server/client branch `if (typeof window !== 'undefined')`.
- Variable input such as `Date.now()` or `Math.random()` which changes each time it's called.
- Date formatting in a user's locale which doesn't match the server.
- External changing data without sending a snapshot of it along with the HTML.
- Invalid HTML tag nesting.

It can also happen if the client has a browser extension installed which messes with the HTML before React loaded.

%s%s https://react.dev/link/hydration-mismatch 

  ...
    <LoadingBoundary loading={null}>
      <HTTPAccessFallbackBoundary notFound={undefined} forbidden={undefined} unauthorized={undefined}>
        <RedirectBoundary>
          <RedirectErrorBoundary router={{...}}>
            <InnerLayoutRouter url="/animations" tree={[...]} cacheNode={{lazyData:null, ...}} segmentPath={[...]}>
              <SegmentViewNode type="page" pagePath="/Documents...">
                <SegmentTrieNode>
                <ClientPageRoot Component={function AnimationPage} searchParams={{}} params={{}}>
                  <AnimationPage params={Promise} searchParams={Promise}>
                    <main data-orchids-id="src/app/an..." data-orchids-name="main" className="relative h...">
                      <div>
                      <div>
                      <div data-orchids-id="src/app/an..." data-orchids-name="div" className="relative z..." ...>
                        <div>
                        <div data-orchids-id="src/app/an..." data-orchids-name="div" className="flex-1 bor...">
                          <AutomatedBankingDemo data-orchids-id="src/app/an..." data-orchids-name="DemoComponent">
                            <div data-orchids-id="src/compon..." data-orchids-name="div" ref={{current:null}} ...>
                              ...
                                <motion.div data-orchids-id="src/compon..." data-orchids-name="motion.div" ...>
                                  <div
                                    data-orchids-id="src/components/animations/AutomatedBankingDemo.tsx:120:20"
                                    data-orchids-name="motion.div"
                                    className="absolute inset-0"
                                    style={{opacity:0,transform:"scale(0.98)"}}
                                    ref={function useMotionRef.useCallback}
-                                   data-orchid-ref="ref-3t80m971fb"
                                  >
                                    <BankingDashboard data-orchids-id="src/compon..." data-orchids-name="BankingDas...">
                                      <div
                                        data-orchids-id="src/components/animations/BankingDashboard.tsx:75:8"
                                        data-orchids-name="div"
                                        className="flex w-full h-full bg-white text-slate-800 overflow-hidden"
                                        style={{fontFamily:"var(--font...",fontSize:"11px"}}
-                                       data-orchid-ref="ref-3q5li5y4kl"
                                      >
                                        <aside
                                          data-orchids-id="src/components/animations/BankingDashboard.tsx:77:12"
                                          data-orchids-name="aside"
                                          className="w-[140px] border-r border-gray-100/80 p-3 flex flex-col justify-b..."
-                                         data-orchid-ref="ref-6qcxj53brv"
                                        >
                                          <div
                                            data-orchids-id="src/components/animations/BankingDashboard.tsx:78:16"
                                            data-orchids-name="div"
-              ... [truncated]
2026-02-07T18:36:33.770Z [console][error] A tree hydrated but some attributes of the server rendered HTML didn't match the client properties. This won't be patched up. This can happen if a SSR-ed Client Component used:

- A server/client branch `if (typeof window !== 'undefined')`.
- Variable input such as `Date.now()` or `Math.random()` which changes each time it's called.
- Date formatting in a user's locale which doesn't match the server.
- External changing data without sending a snapshot of it along with the HTML.
- Invalid HTML tag nesting.

It can also happen if the client has a browser extension installed which messes with the HTML before React loaded.

%s%s https://react.dev/link/hydration-mismatch 

  ...
    <LoadingBoundary loading={null}>
      <HTTPAccessFallbackBoundary notFound={undefined} forbidden={undefined} unauthorized={undefined}>
        <RedirectBoundary>
          <RedirectErrorBoundary router={{...}}>
            <InnerLayoutRouter url="/animations" tree={[...]} cacheNode={{lazyData:null, ...}} segmentPath={[...]}>
              <SegmentViewNode type="page" pagePath="/Documents...">
                <SegmentTrieNode>
                <ClientPageRoot Component={function AnimationPage} searchParams={{}} params={{}}>
                  <AnimationPage params={Promise} searchParams={Promise}>
                    <main data-orchids-id="src/app/an..." data-orchids-name="main" className="relative h...">
                      <div>
                      <div>
                      <div data-orchids-id="src/app/an..." data-orchids-name="div" className="relative z..." ...>
                        <div>
                        <div data-orchids-id="src/app/an..." data-orchids-name="div" className="flex-1 bor...">
                          <AutomatedBankingDemo data-orchids-id="src/app/an..." data-orchids-name="DemoComponent">
                            <div data-orchids-id="src/compon..." data-orchids-name="div" ref={{current:null}} ...>
                              ...
                                <div data-orchids-id="src/compon..." data-orchids-name="motion.div" ...>
                                  <BankingDashboard data-orchids-id="src/compon..." data-orchids-name="BankingDas...">
                                    <div
                                      data-orchids-id="src/components/animations/BankingDashboard.tsx:75:8"
                                      data-orchids-name="div"
                                      className="flex w-full h-full bg-white text-slate-800 overflow-hidden"
                                      style={{fontFamily:"var(--font...",fontSize:"11px"}}
-                                     data-orchid-ref="ref-lwablouvte"
                                    >
                                      <aside
                                        data-orchids-id="src/components/animations/BankingDashboard.tsx:77:12"
                                        data-orchids-name="aside"
                                        className="w-[140px] border-r border-gray-100/80 p-3 flex flex-col justify-bet..."
-                                       data-orchid-ref="ref-9ns66nuf3i"
                                      >
                                        <div
                                          data-orchids-id="src/components/animations/BankingDashboard.tsx:78:16"
                                          data-orchids-name="div"
-                                         data-orchid-ref="ref-zfajtqp3fb"
                                        >
                                          <div
                                            data-orchids-id="src/components/animations/BankingDashboard.tsx:79:20"
                                            data-orchids-name="div"
                                            className="flex items-center gap-1.5 mb-5 px-0.5"
-                                           data-orchid-ref="ref-d4nvx2irx9"
                                          >
                                    ... [truncated]
2026-02-07T18:36:42.370Z [console][error] A tree hydrated but some attributes of the server rendered HTML didn't match the client properties. This won't be patched up. This can happen if a SSR-ed Client Component used:

- A server/client branch `if (typeof window !== 'undefined')`.
- Variable input such as `Date.now()` or `Math.random()` which changes each time it's called.
- Date formatting in a user's locale which doesn't match the server.
- External changing data without sending a snapshot of it along with the HTML.
- Invalid HTML tag nesting.

It can also happen if the client has a browser extension installed which messes with the HTML before React loaded.

%s%s https://react.dev/link/hydration-mismatch 

  ...
    <LoadingBoundary loading={null}>
      <HTTPAccessFallbackBoundary notFound={undefined} forbidden={undefined} unauthorized={undefined}>
        <RedirectBoundary>
          <RedirectErrorBoundary router={{...}}>
            <InnerLayoutRouter url="/animations" tree={[...]} cacheNode={{lazyData:null, ...}} segmentPath={[...]}>
              <SegmentViewNode type="page" pagePath="/Documents...">
                <SegmentTrieNode>
                <ClientPageRoot Component={function AnimationPage} searchParams={{}} params={{}}>
                  <AnimationPage params={Promise} searchParams={Promise}>
                    <main data-orchids-id="src/app/an..." data-orchids-name="main" className="relative h...">
                      <div>
                      <div>
                      <div data-orchids-id="src/app/an..." data-orchids-name="div" className="relative z..." ...>
                        <div>
                        <div data-orchids-id="src/app/an..." data-orchids-name="div" className="flex-1 bor...">
                          <AutomatedBankingDemo data-orchids-id="src/app/an..." data-orchids-name="DemoComponent">
                            <div data-orchids-id="src/compon..." data-orchids-name="div" ref={{current:null}} ...>
                              ...
                                <div data-orchids-id="src/compon..." data-orchids-name="motion.div" ...>
                                  <BankingDashboard data-orchids-id="src/compon..." data-orchids-name="BankingDas...">
                                    <div
                                      data-orchids-id="src/components/animations/BankingDashboard.tsx:75:8"
                                      data-orchids-name="div"
                                      className="flex w-full h-full bg-white text-slate-800 overflow-hidden"
                                      style={{fontFamily:"var(--font...",fontSize:"11px"}}
-                                     data-orchid-ref="ref-fsud5y9234"
                                    >
                                      <aside
                                        data-orchids-id="src/components/animations/BankingDashboard.tsx:77:12"
                                        data-orchids-name="aside"
                                        className="w-[140px] border-r border-gray-100/80 p-3 flex flex-col justify-bet..."
-                                       data-orchid-ref="ref-1s1kffbsks"
                                      >
                                        <div
                                          data-orchids-id="src/components/animations/BankingDashboard.tsx:78:16"
                                          data-orchids-name="div"
-                                         data-orchid-ref="ref-51arz4crf3"
                                        >
                                          <div
                                            data-orchids-id="src/components/animations/BankingDashboard.tsx:79:20"
                                            data-orchids-name="div"
                                            className="flex items-center gap-1.5 mb-5 px-0.5"
-                                           data-orchid-ref="ref-okayt30bxd"
                                          >
                                    ... [truncated]
2026-02-07T18:36:42.370Z [console][error] A tree hydrated but some attributes of the server rendered HTML didn't match the client properties. This won't be patched up. This can happen if a SSR-ed Client Component used:

- A server/client branch `if (typeof window !== 'undefined')`.
- Variable input such as `Date.now()` or `Math.random()` which changes each time it's called.
- Date formatting in a user's locale which doesn't match the server.
- External changing data without sending a snapshot of it along with the HTML.
- Invalid HTML tag nesting.

It can also happen if the client has a browser extension installed which messes with the HTML before React loaded.

%s%s https://react.dev/link/hydration-mismatch 

  ...
    <LoadingBoundary loading={null}>
      <HTTPAccessFallbackBoundary notFound={undefined} forbidden={undefined} unauthorized={undefined}>
        <RedirectBoundary>
          <RedirectErrorBoundary router={{...}}>
            <InnerLayoutRouter url="/animations" tree={[...]} cacheNode={{lazyData:null, ...}} segmentPath={[...]}>
              <SegmentViewNode type="page" pagePath="/Documents...">
                <SegmentTrieNode>
                <ClientPageRoot Component={function AnimationPage} searchParams={{}} params={{}}>
                  <AnimationPage params={Promise} searchParams={Promise}>
                    <main data-orchids-id="src/app/an..." data-orchids-name="main" className="relative h...">
                      <div>
                      <div>
                      <div data-orchids-id="src/app/an..." data-orchids-name="div" className="relative z..." ...>
                        <div>
                        <div data-orchids-id="src/app/an..." data-orchids-name="div" className="flex-1 bor...">
                          <AutomatedBankingDemo data-orchids-id="src/app/an..." data-orchids-name="DemoComponent">
                            <div data-orchids-id="src/compon..." data-orchids-name="div" ref={{current:null}} ...>
                              ...
                        ...
2026-02-07T18:36:24.889Z [console][error] A tree hydrated but some attributes of the server rendered HTML didn't match the client properties. This won't be patched up. This can happen if a SSR-ed Client Component used:

- A server/client branch `if (typeof window !== 'undefined')`.
- Variable input such as `Date.now()` or `Math.random()` which changes each time it's called.
- Date formatting in a user's locale which doesn't match the server.
- External changing data without sending a snapshot of it along with the HTML.
- Invalid HTML tag nesting.

It can also happen if the client has a browser extension installed which messes with the HTML before React loaded.

%s%s https://react.dev/link/hydration-mismatch 

  ...
    <LoadingBoundary loading={null}>
      <HTTPAccessFallbackBoundary notFound={undefined} forbidden={undefined} unauthorized={undefined}>
        <RedirectBoundary>
          <RedirectErrorBoundary router={{...}}>
            <InnerLayoutRouter url="/animations" tree={[...]} cacheNode={{lazyData:null, ...}} segmentPath={[...]}>
              <SegmentViewNode type="page" pagePath="/Documents...">
                <SegmentTrieNode>
                <ClientPageRoot Component={function AnimationPage} searchParams={{}} params={{}}>
                  <AnimationPage params={Promise} searchParams={Promise}>
                    <main data-orchids-id="src/app/an..." data-orchids-name="main" className="relative h...">
                      <div>
                      <div>
                      <div data-orchids-id="src/app/an..." data-orchids-name="div" className="relative z..." ...>
                        <div>
                        <div data-orchids-id="src/app/an..." data-orchids-name="div" className="flex-1 bor...">
                          <AutomatedBankingDemo data-orchids-id="src/app/an..." data-orchids-name="DemoComponent">
                            <div data-orchids-id="src/compon..." data-orchids-name="div" ref={{current:null}} ...>
                              ...
                                <motion.div data-orchids-id="src/compon..." data-orchids-name="motion.div" ...>
                                  <div
                                    data-orchids-id="src/components/animations/AutomatedBankingDemo.tsx:120:20"
                                    data-orchids-name="motion.div"
                                    className="absolute inset-0"
                                    style={{opacity:0,transform:"scale(0.98)"}}
                                    ref={function useMotionRef.useCallback}
-                                   data-orchid-ref="ref-3t80m971fb"
                                  >
                                    <BankingDashboard data-orchids-id="src/compon..." data-orchids-name="BankingDas...">
                                      <div
                                        data-orchids-id="src/components/animations/BankingDashboard.tsx:75:8"
                                        data-orchids-name="div"
                                        className="flex w-full h-full bg-white text-slate-800 overflow-hidden"
                                        style={{fontFamily:"var(--font...",fontSize:"11px"}}
-                                       data-orchid-ref="ref-3q5li5y4kl"
                                      >
                                        <aside
                                          data-orchids-id="src/components/animations/BankingDashboard.tsx:77:12"
                                          data-orchids-name="aside"
                                          className="w-[140px] border-r border-gray-100/80 p-3 flex flex-col justify-b..."
-                                         data-orchid-ref="ref-6qcxj53brv"
                                        >
                                          <div
                                            data-orchids-id="src/components/animations/BankingDashboard.tsx:78:16"
                                            data-orchids-name="div"
-              ... [truncated]
2026-02-07T18:36:33.770Z [console][error] A tree hydrated but some attributes of the server rendered HTML didn't match the client properties. This won't be patched up. This can happen if a SSR-ed Client Component used:

- A server/client branch `if (typeof window !== 'undefined')`.
- Variable input such as `Date.now()` or `Math.random()` which changes each time it's called.
- Date formatting in a user's locale which doesn't match the server.
- External changing data without sending a snapshot of it along with the HTML.
- Invalid HTML tag nesting.

It can also happen if the client has a browser extension installed which messes with the HTML before React loaded.

%s%s https://react.dev/link/hydration-mismatch 

  ...
    <LoadingBoundary loading={null}>
      <HTTPAccessFallbackBoundary notFound={undefined} forbidden={undefined} unauthorized={undefined}>
        <RedirectBoundary>
          <RedirectErrorBoundary router={{...}}>
            <InnerLayoutRouter url="/animations" tree={[...]} cacheNode={{lazyData:null, ...}} segmentPath={[...]}>
              <SegmentViewNode type="page" pagePath="/Documents...">
                <SegmentTrieNode>
                <ClientPageRoot Component={function AnimationPage} searchParams={{}} params={{}}>
                  <AnimationPage params={Promise} searchParams={Promise}>
                    <main data-orchids-id="src/app/an..." data-orchids-name="main" className="relative h...">
                      <div>
                      <div>
                      <div data-orchids-id="src/app/an..." data-orchids-name="div" className="relative z..." ...>
                        <div>
                        <div data-orchids-id="src/app/an..." data-orchids-name="div" className="flex-1 bor...">
                          <AutomatedBankingDemo data-orchids-id="src/app/an..." data-orchids-name="DemoComponent">
                            <div data-orchids-id="src/compon..." data-orchids-name="div" ref={{current:null}} ...>
                              ...
                                <div data-orchids-id="src/compon..." data-orchids-name="motion.div" ...>
                                  <BankingDashboard data-orchids-id="src/compon..." data-orchids-name="BankingDas...">
                                    <div
                                      data-orchids-id="src/components/animations/BankingDashboard.tsx:75:8"
                                      data-orchids-name="div"
                                      className="flex w-full h-full bg-white text-slate-800 overflow-hidden"
                                      style={{fontFamily:"var(--font...",fontSize:"11px"}}
-                                     data-orchid-ref="ref-lwablouvte"
                                    >
                                      <aside
                                        data-orchids-id="src/components/animations/BankingDashboard.tsx:77:12"
                                        data-orchids-name="aside"
                                        className="w-[140px] border-r border-gray-100/80 p-3 flex flex-col justify-bet..."
-                                       data-orchid-ref="ref-9ns66nuf3i"
                                      >
                                        <div
                                          data-orchids-id="src/components/animations/BankingDashboard.tsx:78:16"
                                          data-orchids-name="div"
-                                         data-orchid-ref="ref-zfajtqp3fb"
                                        >
                                          <div
                                            data-orchids-id="src/components/animations/BankingDashboard.tsx:79:20"
                                            data-orchids-name="div"
                                            className="flex items-center gap-1.5 mb-5 px-0.5"
-                                           data-orchid-ref="ref-d4nvx2irx9"
                                          >
                                    ... [truncated]
2026-02-07T18:36:42.370Z [console][error] A tree hydrated but some attributes of the server rendered HTML didn't match the client properties. This won't be patched up. This can happen if a SSR-ed Client Component used:

- A server/client branch `if (typeof window !== 'undefined')`.
- Variable input such as `Date.now()` or `Math.random()` which changes each time it's called.
- Date formatting in a user's locale which doesn't match the server.
- External changing data without sending a snapshot of it along with the HTML.
- Invalid HTML tag nesting.

It can also happen if the client has a browser extension installed which messes with the HTML before React loaded.

%s%s https://react.dev/link/hydration-mismatch 

  ...
    <LoadingBoundary loading={null}>
      <HTTPAccessFallbackBoundary notFound={undefined} forbidden={undefined} unauthorized={undefined}>
        <RedirectBoundary>
          <RedirectErrorBoundary router={{...}}>
            <InnerLayoutRouter url="/animations" tree={[...]} cacheNode={{lazyData:null, ...}} segmentPath={[...]}>
              <SegmentViewNode type="page" pagePath="/Documents...">
                <SegmentTrieNode>
                <ClientPageRoot Component={function AnimationPage} searchParams={{}} params={{}}>
                  <AnimationPage params={Promise} searchParams={Promise}>
                    <main data-orchids-id="src/app/an..." data-orchids-name="main" className="relative h...">
                      <div>
                      <div>
                      <div data-orchids-id="src/app/an..." data-orchids-name="div" className="relative z..." ...>
                        <div>
                        <div data-orchids-id="src/app/an..." data-orchids-name="div" className="flex-1 bor...">
                          <AutomatedBankingDemo data-orchids-id="src/app/an..." data-orchids-name="DemoComponent">
                            <div data-orchids-id="src/compon..." data-orchids-name="div" ref={{current:null}} ...>
                              ...
                                <div data-orchids-id="src/compon..." data-orchids-name="motion.div" ...>
                                  <BankingDashboard data-orchids-id="src/compon..." data-orchids-name="BankingDas...">
                                    <div
                                      data-orchids-id="src/components/animations/BankingDashboard.tsx:75:8"
                                      data-orchids-name="div"
                                      className="flex w-full h-full bg-white text-slate-800 overflow-hidden"
                                      style={{fontFamily:"var(--font...",fontSize:"11px"}}
-                                     data-orchid-ref="ref-fsud5y9234"
                                    >
                                      <aside
                                        data-orchids-id="src/components/animations/BankingDashboard.tsx:77:12"
                                        data-orchids-name="aside"
                                        className="w-[140px] border-r border-gray-100/80 p-3 flex flex-col justify-bet..."
-                                       data-orchid-ref="ref-1s1kffbsks"
                                      >
                                        <div
                                          data-orchids-id="src/components/animations/BankingDashboard.tsx:78:16"
                                          data-orchids-name="div"
-                                         data-orchid-ref="ref-51arz4crf3"
                                        >
                                          <div
                                            data-orchids-id="src/components/animations/BankingDashboard.tsx:79:20"
                                            data-orchids-name="div"
                                            className="flex items-center gap-1.5 mb-5 px-0.5"
-                                           data-orchid-ref="ref-okayt30bxd"
                                          >
                                    ... [truncated]
2026-02-07T18:38:56.842Z [console][error] A tree hydrated but some attributes of the server rendered HTML didn't match the client properties. This won't be patched up. This can happen if a SSR-ed Client Component used:

- A server/client branch `if (typeof window !== 'undefined')`.
- Variable input such as `Date.now()` or `Math.random()` which changes each time it's called.
- Date formatting in a user's locale which doesn't match the server.
- External changing data without sending a snapshot of it along with the HTML.
- Invalid HTML tag nesting.

It can also happen if the client has a browser extension installed which messes with the HTML before React loaded.

%s%s https://react.dev/link/hydration-mismatch 

  ...
    <LoadingBoundary loading={null}>
      <HTTPAccessFallbackBoundary notFound={undefined} forbidden={undefined} unauthorized={undefined}>
        <RedirectBoundary>
          <RedirectErrorBoundary router={{...}}>
            <InnerLayoutRouter url="/animations" tree={[...]} cacheNode={{lazyData:null, ...}} segmentPath={[...]}>
              <SegmentViewNode type="page" pagePath="/Documents...">
                <SegmentTrieNode>
                <ClientPageRoot Component={function AnimationPage} searchParams={{}} params={{}}>
                  <AnimationPage params={Promise} searchParams={Promise}>
                    <main data-orchids-id="src/app/an..." data-orchids-name="main" className="relative h...">
                      <div>
                      <div>
                      <div data-orchids-id="src/app/an..." data-orchids-name="div" className="relative z..." ...>
                        <div>
                        <div data-orchids-id="src/app/an..." data-orchids-name="div" className="flex-1 bor...">
                          <AutomatedBankingDemo data-orchids-id="src/app/an..." data-orchids-name="DemoComponent">
                            <div data-orchids-id="src/compon..." data-orchids-name="div" ref={{current:null}} ...>
                              ...
                                <div data-orchids-id="src/compon..." data-orchids-name="motion.div" ...>
                                  <BankingDashboard data-orchids-id="src/compon..." data-orchids-name="BankingDas...">
                                    <div
                                      data-orchids-id="src/components/animations/BankingDashboard.tsx:75:8"
                                      data-orchids-name="div"
                                      className="flex w-full h-full bg-white text-slate-800 overflow-hidden"
                                      style={{fontFamily:"var(--font...",fontSize:"11px"}}
-                                     data-orchid-ref="ref-0mw8db798l"
                                    >
                                      <aside
                                        data-orchids-id="src/components/animations/BankingDashboard.tsx:77:12"
                                        data-orchids-name="aside"
                                        className="w-[140px] border-r border-gray-100/80 p-3 flex flex-col justify-bet..."
-                                       data-orchid-ref="ref-4ld3ktu93n"
                                      >
                                        <div
                                          data-orchids-id="src/components/animations/BankingDashboard.tsx:78:16"
                                          data-orchids-name="div"
-                                         data-orchid-ref="ref-8ucv0zezva"
                                        >
                                          <div
                                            data-orchids-id="src/components/animations/BankingDashboard.tsx:79:20"
                                            data-orchids-name="div"
                                            className="flex items-center gap-1.5 mb-5 px-0.5"
-                                           data-orchid-ref="ref-d2bvxkif5x"
                                          >
                                    ... [truncated]
2026-02-07T18:38:56.842Z [console][error] A tree hydrated but some attributes of the server rendered HTML didn't match the client properties. This won't be patched up. This can happen if a SSR-ed Client Component used:

- A server/client branch `if (typeof window !== 'undefined')`.
- Variable input such as `Date.now()` or `Math.random()` which changes each time it's called.
- Date formatting in a user's locale which doesn't match the server.
- External changing data without sending a snapshot of it along with the HTML.
- Invalid HTML tag nesting.

It can also happen if the client has a browser extension installed which messes with the HTML before React loaded.

%s%s https://react.dev/link/hydration-mismatch 

  ...
    <LoadingBoundary loading={null}>
      <HTTPAccessFallbackBoundary notFound={undefined} forbidden={undefined} unauthorized={undefined}>
        <RedirectBoundary>
          <RedirectErrorBoundary router={{...}}>
            <InnerLayoutRouter url="/animations" tree={[...]} cacheNode={{lazyData:null, ...}} segmentPath={[...]}>
              <SegmentViewNode type="page" pagePath="/Documents...">
                <SegmentTrieNode>
                <ClientPageRoot Component={function AnimationPage} searchParams={{}} params={{}}>
                  <AnimationPage params={Promise} searchParams={Promise}>
                    <main data-orchids-id="src/app/an..." data-orchids-name="main" className="relative h...">
                      <div>
                      <div>
                      <div data-orchids-id="src/app/an..." data-orchids-name="div" className="relative z..." ...>
                        <div>
                        <div data-orchids-id="src/app/an..." data-orchids-name="div" className="flex-1 bor...">
                          <AutomatedBankingDemo data-orchids-id="src/app/an..." data-orchids-name="DemoComponent">
                            <div data-orchids-id="src/compon..." data-orchids-name="div" ref={{current:null}} ...>
                              ...
                        ...
2026-02-07T18:32:36.079Z [console][error] A tree hydrated but some attributes of the server rendered HTML didn't match the client properties. This won't be patched up. This can happen if a SSR-ed Client Component used:

- A server/client branch `if (typeof window !== 'undefined')`.
- Variable input such as `Date.now()` or `Math.random()` which changes each time it's called.
- Date formatting in a user's locale which doesn't match the server.
- External changing data without sending a snapshot of it along with the HTML.
- Invalid HTML tag nesting.

It can also happen if the client has a browser extension installed which messes with the HTML before React loaded.

%s%s https://react.dev/link/hydration-mismatch 

  ...
    <RenderFromTemplateContext>
      <ScrollAndFocusHandler segmentPath={[...]}>
        <InnerScrollAndFocusHandler segmentPath={[...]} focusAndScrollRef={{apply:false, ...}}>
          <ErrorBoundary errorComponent={undefined} errorStyles={undefined} errorScripts={undefined}>
            <LoadingBoundary loading={null}>
              <HTTPAccessFallbackBoundary notFound={undefined} forbidden={undefined} unauthorized={undefined}>
                <RedirectBoundary>
                  <RedirectErrorBoundary router={{...}}>
                    <InnerLayoutRouter url="/animations" tree={[...]} cacheNode={{lazyData:null, ...}} ...>
                      <SegmentViewNode type="page" pagePath="/Documents...">
                        <SegmentTrieNode>
                        <ClientPageRoot Component={function AnimationPage} searchParams={{}} params={{}}>
                          <AnimationPage params={Promise} searchParams={Promise}>
                            <main data-orchids-id="src/app/an..." data-orchids-name="main" className="relative h...">
                              <div>
                              <div data-orchids-id="src/app/an..." data-orchids-name="div" className="fixed top-...">
                                <LinkComponent>
                                <div data-orchids-id="src/app/an..." data-orchids-name="div" className="flex items...">
                                  <button>
                                  <button>
                                  <button>
                                  <button>
                                  <button>
                                  <button>
                                  <button>
                                  <button data-orchids-id="src/app/an..." data-orchids-name="button" ...>
                                    <Database data-orchids-id="src/app/an..." data-orchids-name="Icon" size={12}>
                                      <svg
                                        ref={null}
                                        xmlns="http://www.w3.org/2000/svg"
                                        width={12}
                                        height={12}
                                        viewBox="0 0 24 24"
                                        fill="none"
                                        stroke="currentColor"
                                        strokeWidth={2}
                                        strokeLinecap="round"
                                        strokeLinejoin="round"
                                        className="lucide lucide-database"
                                        aria-hidden="true"
                                        data-orchids-id="src/app/animations/page.tsx:113:32@demos"
                                        data-orchids-name="Icon"
-                                       data-orchid-ref="ref-wc4gfsiq5i"
                                      >
                                        <ellipse
                                          cx="12"
                                          cy="5"
                                          rx="9"
                                          ry="3"
-                                         data-orchid-ref="ref-q0hyz1g7n8"
                                        >
            ... [truncated]
2026-02-07T18:35:32.513Z [console][error] A tree hydrated but some attributes of the server rendered HTML didn't match the client properties. This won't be patched up. This can happen if a SSR-ed Client Component used:

- A server/client branch `if (typeof window !== 'undefined')`.
- Variable input such as `Date.now()` or `Math.random()` which changes each time it's called.
- Date formatting in a user's locale which doesn't match the server.
- External changing data without sending a snapshot of it along with the HTML.
- Invalid HTML tag nesting.

It can also happen if the client has a browser extension installed which messes with the HTML before React loaded.

%s%s https://react.dev/link/hydration-mismatch 

  ...
    <LoadingBoundary loading={null}>
      <HTTPAccessFallbackBoundary notFound={undefined} forbidden={undefined} unauthorized={undefined}>
        <RedirectBoundary>
          <RedirectErrorBoundary router={{...}}>
            <InnerLayoutRouter url="/animations" tree={[...]} cacheNode={{lazyData:null, ...}} segmentPath={[...]}>
              <SegmentViewNode type="page" pagePath="/Documents...">
                <SegmentTrieNode>
                <ClientPageRoot Component={function AnimationPage} searchParams={{}} params={{}}>
                  <AnimationPage params={Promise} searchParams={Promise}>
                    <main data-orchids-id="src/app/an..." data-orchids-name="main" className="relative h...">
                      <div>
                      <div>
                      <div data-orchids-id="src/app/an..." data-orchids-name="div" className="relative z..." ...>
                        <div>
                        <div data-orchids-id="src/app/an..." data-orchids-name="div" className="flex-1 bor...">
                          <AutomatedBankingDemo data-orchids-id="src/app/an..." data-orchids-name="DemoComponent">
                            <div data-orchids-id="src/compon..." data-orchids-name="div" ref={{current:null}} ...>
                              ...
                                <div data-orchids-id="src/compon..." data-orchids-name="motion.div" ...>
                                  <BankingDashboard data-orchids-id="src/compon..." data-orchids-name="BankingDas...">
                                    <div
                                      data-orchids-id="src/components/animations/BankingDashboard.tsx:75:8"
                                      data-orchids-name="div"
                                      className="flex w-full h-full bg-white text-slate-800 overflow-hidden"
                                      style={{fontFamily:"var(--font...",fontSize:"11px"}}
-                                     data-orchid-ref="ref-bscwxqjlku"
                                    >
                                      <aside
                                        data-orchids-id="src/components/animations/BankingDashboard.tsx:77:12"
                                        data-orchids-name="aside"
                                        className="w-[140px] border-r border-gray-100/80 p-3 flex flex-col justify-bet..."
-                                       data-orchid-ref="ref-3692sshjot"
                                      >
                                        <div
                                          data-orchids-id="src/components/animations/BankingDashboard.tsx:78:16"
                                          data-orchids-name="div"
-                                         data-orchid-ref="ref-jmkd2l5qct"
                                        >
                                          <div
                                            data-orchids-id="src/components/animations/BankingDashboard.tsx:79:20"
                                            data-orchids-name="div"
                                            className="flex items-center gap-1.5 mb-5 px-0.5"
-                                           data-orchid-ref="ref-y61b9zdxez"
                                          >
                                    ... [truncated]
2026-02-07T18:36:24.889Z [console][error] A tree hydrated but some attributes of the server rendered HTML didn't match the client properties. This won't be patched up. This can happen if a SSR-ed Client Component used:

- A server/client branch `if (typeof window !== 'undefined')`.
- Variable input such as `Date.now()` or `Math.random()` which changes each time it's called.
- Date formatting in a user's locale which doesn't match the server.
- External changing data without sending a snapshot of it along with the HTML.
- Invalid HTML tag nesting.

It can also happen if the client has a browser extension installed which messes with the HTML before React loaded.

%s%s https://react.dev/link/hydration-mismatch 

  ...
    <LoadingBoundary loading={null}>
      <HTTPAccessFallbackBoundary notFound={undefined} forbidden={undefined} unauthorized={undefined}>
        <RedirectBoundary>
          <RedirectErrorBoundary router={{...}}>
            <InnerLayoutRouter url="/animations" tree={[...]} cacheNode={{lazyData:null, ...}} segmentPath={[...]}>
              <SegmentViewNode type="page" pagePath="/Documents...">
                <SegmentTrieNode>
                <ClientPageRoot Component={function AnimationPage} searchParams={{}} params={{}}>
                  <AnimationPage params={Promise} searchParams={Promise}>
                    <main data-orchids-id="src/app/an..." data-orchids-name="main" className="relative h...">
                      <div>
                      <div>
                      <div data-orchids-id="src/app/an..." data-orchids-name="div" className="relative z..." ...>
                        <div>
                        <div data-orchids-id="src/app/an..." data-orchids-name="div" className="flex-1 bor...">
                          <AutomatedBankingDemo data-orchids-id="src/app/an..." data-orchids-name="DemoComponent">
                            <div data-orchids-id="src/compon..." data-orchids-name="div" ref={{current:null}} ...>
                              ...
                                <motion.div data-orchids-id="src/compon..." data-orchids-name="motion.div" ...>
                                  <div
                                    data-orchids-id="src/components/animations/AutomatedBankingDemo.tsx:120:20"
                                    data-orchids-name="motion.div"
                                    className="absolute inset-0"
                                    style={{opacity:0,transform:"scale(0.98)"}}
                                    ref={function useMotionRef.useCallback}
-                                   data-orchid-ref="ref-3t80m971fb"
                                  >
                                    <BankingDashboard data-orchids-id="src/compon..." data-orchids-name="BankingDas...">
                                      <div
                                        data-orchids-id="src/components/animations/BankingDashboard.tsx:75:8"
                                        data-orchids-name="div"
                                        className="flex w-full h-full bg-white text-slate-800 overflow-hidden"
                                        style={{fontFamily:"var(--font...",fontSize:"11px"}}
-                                       data-orchid-ref="ref-3q5li5y4kl"
                                      >
                                        <aside
                                          data-orchids-id="src/components/animations/BankingDashboard.tsx:77:12"
                                          data-orchids-name="aside"
                                          className="w-[140px] border-r border-gray-100/80 p-3 flex flex-col justify-b..."
-                                         data-orchid-ref="ref-6qcxj53brv"
                                        >
                                          <div
                                            data-orchids-id="src/components/animations/BankingDashboard.tsx:78:16"
                                            data-orchids-name="div"
-              ... [truncated]
2026-02-07T18:36:33.770Z [console][error] A tree hydrated but some attributes of the server rendered HTML didn't match the client properties. This won't be patched up. This can happen if a SSR-ed Client Component used:

- A server/client branch `if (typeof window !== 'undefined')`.
- Variable input such as `Date.now()` or `Math.random()` which changes each time it's called.
- Date formatting in a user's locale which doesn't match the server.
- External changing data without sending a snapshot of it along with the HTML.
- Invalid HTML tag nesting.

It can also happen if the client has a browser extension installed which messes with the HTML before React loaded.

%s%s https://react.dev/link/hydration-mismatch 

  ...
    <LoadingBoundary loading={null}>
      <HTTPAccessFallbackBoundary notFound={undefined} forbidden={undefined} unauthorized={undefined}>
        <RedirectBoundary>
          <RedirectErrorBoundary router={{...}}>
            <InnerLayoutRouter url="/animations" tree={[...]} cacheNode={{lazyData:null, ...}} segmentPath={[...]}>
              <SegmentViewNode type="page" pagePath="/Documents...">
                <SegmentTrieNode>
                <ClientPageRoot Component={function AnimationPage} searchParams={{}} params={{}}>
                  <AnimationPage params={Promise} searchParams={Promise}>
                    <main data-orchids-id="src/app/an..." data-orchids-name="main" className="relative h...">
                      <div>
                      <div>
                      <div data-orchids-id="src/app/an..." data-orchids-name="div" className="relative z..." ...>
                        <div>
                        <div data-orchids-id="src/app/an..." data-orchids-name="div" className="flex-1 bor...">
                          <AutomatedBankingDemo data-orchids-id="src/app/an..." data-orchids-name="DemoComponent">
                            <div data-orchids-id="src/compon..." data-orchids-name="div" ref={{current:null}} ...>
                              ...
                                <div data-orchids-id="src/compon..." data-orchids-name="motion.div" ...>
                                  <BankingDashboard data-orchids-id="src/compon..." data-orchids-name="BankingDas...">
                                    <div
                                      data-orchids-id="src/components/animations/BankingDashboard.tsx:75:8"
                                      data-orchids-name="div"
                                      className="flex w-full h-full bg-white text-slate-800 overflow-hidden"
                                      style={{fontFamily:"var(--font...",fontSize:"11px"}}
-                                     data-orchid-ref="ref-lwablouvte"
                                    >
                                      <aside
                                        data-orchids-id="src/components/animations/BankingDashboard.tsx:77:12"
                                        data-orchids-name="aside"
                                        className="w-[140px] border-r border-gray-100/80 p-3 flex flex-col justify-bet..."
-                                       data-orchid-ref="ref-9ns66nuf3i"
                                      >
                                        <div
                                          data-orchids-id="src/components/animations/BankingDashboard.tsx:78:16"
                                          data-orchids-name="div"
-                                         data-orchid-ref="ref-zfajtqp3fb"
                                        >
                                          <div
                                            data-orchids-id="src/components/animations/BankingDashboard.tsx:79:20"
                                            data-orchids-name="div"
                                            className="flex items-center gap-1.5 mb-5 px-0.5"
-                                           data-orchid-ref="ref-d4nvx2irx9"
                                          >
                                    ... [truncated]
2026-02-07T18:36:42.370Z [console][error] A tree hydrated but some attributes of the server rendered HTML didn't match the client properties. This won't be patched up. This can happen if a SSR-ed Client Component used:

- A server/client branch `if (typeof window !== 'undefined')`.
- Variable input such as `Date.now()` or `Math.random()` which changes each time it's called.
- Date formatting in a user's locale which doesn't match the server.
- External changing data without sending a snapshot of it along with the HTML.
- Invalid HTML tag nesting.

It can also happen if the client has a browser extension installed which messes with the HTML before React loaded.

%s%s https://react.dev/link/hydration-mismatch 

  ...
    <LoadingBoundary loading={null}>
      <HTTPAccessFallbackBoundary notFound={undefined} forbidden={undefined} unauthorized={undefined}>
        <RedirectBoundary>
          <RedirectErrorBoundary router={{...}}>
            <InnerLayoutRouter url="/animations" tree={[...]} cacheNode={{lazyData:null, ...}} segmentPath={[...]}>
              <SegmentViewNode type="page" pagePath="/Documents...">
                <SegmentTrieNode>
                <ClientPageRoot Component={function AnimationPage} searchParams={{}} params={{}}>
                  <AnimationPage params={Promise} searchParams={Promise}>
                    <main data-orchids-id="src/app/an..." data-orchids-name="main" className="relative h...">
                      <div>
                      <div>
                      <div data-orchids-id="src/app/an..." data-orchids-name="div" className="relative z..." ...>
                        <div>
                        <div data-orchids-id="src/app/an..." data-orchids-name="div" className="flex-1 bor...">
                          <AutomatedBankingDemo data-orchids-id="src/app/an..." data-orchids-name="DemoComponent">
                            <div data-orchids-id="src/compon..." data-orchids-name="div" ref={{current:null}} ...>
                              ...
                                <div data-orchids-id="src/compon..." data-orchids-name="motion.div" ...>
                                  <BankingDashboard data-orchids-id="src/compon..." data-orchids-name="BankingDas...">
                                    <div
                                      data-orchids-id="src/components/animations/BankingDashboard.tsx:75:8"
                                      data-orchids-name="div"
                                      className="flex w-full h-full bg-white text-slate-800 overflow-hidden"
                                      style={{fontFamily:"var(--font...",fontSize:"11px"}}
-                                     data-orchid-ref="ref-fsud5y9234"
                                    >
                                      <aside
                                        data-orchids-id="src/components/animations/BankingDashboard.tsx:77:12"
                                        data-orchids-name="aside"
                                        className="w-[140px] border-r border-gray-100/80 p-3 flex flex-col justify-bet..."
-                                       data-orchid-ref="ref-1s1kffbsks"
                                      >
                                        <div
                                          data-orchids-id="src/components/animations/BankingDashboard.tsx:78:16"
                                          data-orchids-name="div"
-                                         data-orchid-ref="ref-51arz4crf3"
                                        >
                                          <div
                                            data-orchids-id="src/components/animations/BankingDashboard.tsx:79:20"
                                            data-orchids-name="div"
                                            className="flex items-center gap-1.5 mb-5 px-0.5"
-                                           data-orchid-ref="ref-okayt30bxd"
                                          >
                                    ... [truncated]
2026-02-07T18:38:56.842Z [console][error] A tree hydrated but some attributes of the server rendered HTML didn't match the client properties. This won't be patched up. This can happen if a SSR-ed Client Component used:

- A server/client branch `if (typeof window !== 'undefined')`.
- Variable input such as `Date.now()` or `Math.random()` which changes each time it's called.
- Date formatting in a user's locale which doesn't match the server.
- External changing data without sending a snapshot of it along with the HTML.
- Invalid HTML tag nesting.

It can also happen if the client has a browser extension installed which messes with the HTML before React loaded.

%s%s https://react.dev/link/hydration-mismatch 

  ...
    <LoadingBoundary loading={null}>
      <HTTPAccessFallbackBoundary notFound={undefined} forbidden={undefined} unauthorized={undefined}>
        <RedirectBoundary>
          <RedirectErrorBoundary router={{...}}>
            <InnerLayoutRouter url="/animations" tree={[...]} cacheNode={{lazyData:null, ...}} segmentPath={[...]}>
              <SegmentViewNode type="page" pagePath="/Documents...">
                <SegmentTrieNode>
                <ClientPageRoot Component={function AnimationPage} searchParams={{}} params={{}}>
                  <AnimationPage params={Promise} searchParams={Promise}>
                    <main data-orchids-id="src/app/an..." data-orchids-name="main" className="relative h...">
                      <div>
                      <div>
                      <div data-orchids-id="src/app/an..." data-orchids-name="div" className="relative z..." ...>
                        <div>
                        <div data-orchids-id="src/app/an..." data-orchids-name="div" className="flex-1 bor...">
                          <AutomatedBankingDemo data-orchids-id="src/app/an..." data-orchids-name="DemoComponent">
                            <div data-orchids-id="src/compon..." data-orchids-name="div" ref={{current:null}} ...>
                              ...
                                <div data-orchids-id="src/compon..." data-orchids-name="motion.div" ...>
                                  <BankingDashboard data-orchids-id="src/compon..." data-orchids-name="BankingDas...">
                                    <div
                                      data-orchids-id="src/components/animations/BankingDashboard.tsx:75:8"
                                      data-orchids-name="div"
                                      className="flex w-full h-full bg-white text-slate-800 overflow-hidden"
                                      style={{fontFamily:"var(--font...",fontSize:"11px"}}
-                                     data-orchid-ref="ref-0mw8db798l"
                                    >
                                      <aside
                                        data-orchids-id="src/components/animations/BankingDashboard.tsx:77:12"
                                        data-orchids-name="aside"
                                        className="w-[140px] border-r border-gray-100/80 p-3 flex flex-col justify-bet..."
-                                       data-orchid-ref="ref-4ld3ktu93n"
                                      >
                                        <div
                                          data-orchids-id="src/components/animations/BankingDashboard.tsx:78:16"
                                          data-orchids-name="div"
-                                         data-orchid-ref="ref-8ucv0zezva"
                                        >
                                          <div
                                            data-orchids-id="src/components/animations/BankingDashboard.tsx:79:20"
                                            data-orchids-name="div"
                                            className="flex items-center gap-1.5 mb-5 px-0.5"
-                                           data-orchid-ref="ref-d2bvxkif5x"
                                          >
                                    ... [truncated]
2026-02-07T18:40:27.200Z [console][error] A tree hydrated but some attributes of the server rendered HTML didn't match the client properties. This won't be patched up. This can happen if a SSR-ed Client Component used:

- A server/client branch `if (typeof window !== 'undefined')`.
- Variable input such as `Date.now()` or `Math.random()` which changes each time it's called.
- Date formatting in a user's locale which doesn't match the server.
- External changing data without sending a snapshot of it along with the HTML.
- Invalid HTML tag nesting.

It can also happen if the client has a browser extension installed which messes with the HTML before React loaded.

%s%s https://react.dev/link/hydration-mismatch 

  ...
    <LoadingBoundary loading={null}>
      <HTTPAccessFallbackBoundary notFound={undefined} forbidden={undefined} unauthorized={undefined}>
        <RedirectBoundary>
          <RedirectErrorBoundary router={{...}}>
            <InnerLayoutRouter url="/animations" tree={[...]} cacheNode={{lazyData:null, ...}} segmentPath={[...]}>
              <SegmentViewNode type="page" pagePath="/Documents...">
                <SegmentTrieNode>
                <ClientPageRoot Component={function AnimationPage} searchParams={{}} params={{}}>
                  <AnimationPage params={Promise} searchParams={Promise}>
                    <main data-orchids-id="src/app/an..." data-orchids-name="main" className="relative h...">
                      <div>
                      <div>
                      <div data-orchids-id="src/app/an..." data-orchids-name="div" className="relative z..." ...>
                        <div>
                        <div data-orchids-id="src/app/an..." data-orchids-name="div" className="flex-1 bor...">
                          <AutomatedBankingDemo data-orchids-id="src/app/an..." data-orchids-name="DemoComponent">
                            <div data-orchids-id="src/compon..." data-orchids-name="div" ref={{current:null}} ...>
                              ...
                                <div data-orchids-id="src/compon..." data-orchids-name="motion.div" ...>
                                  <BankingDashboard data-orchids-id="src/compon..." data-orchids-name="BankingDas...">
                                    <div
                                      data-orchids-id="src/components/animations/BankingDashboard.tsx:75:8"
                                      data-orchids-name="div"
                                      className="flex w-full h-full bg-white text-slate-800 overflow-hidden"
                                      style={{fontFamily:"var(--font...",fontSize:"11px"}}
-                                     data-orchid-ref="ref-6fmflclpj8"
                                    >
                                      <aside
                                        data-orchids-id="src/components/animations/BankingDashboard.tsx:77:12"
                                        data-orchids-name="aside"
                                        className="w-[140px] border-r border-gray-100/80 p-3 flex flex-col justify-bet..."
-                                       data-orchid-ref="ref-oe8tzyltd7"
                                      >
                                        <div
                                          data-orchids-id="src/components/animations/BankingDashboard.tsx:78:16"
                                          data-orchids-name="div"
-                                         data-orchid-ref="ref-qkf9kwy2io"
                                        >
                                          <div
                                            data-orchids-id="src/components/animations/BankingDashboard.tsx:79:20"
                                            data-orchids-name="div"
                                            className="flex items-center gap-1.5 mb-5 px-0.5"
-                                           data-orchid-ref="ref-s36hc61m7t"
                                          >
                                    ... [truncated]
2026-02-07T18:46:42.732Z [console][error] A tree hydrated but some attributes of the server rendered HTML didn't match the client properties. This won't be patched up. This can happen if a SSR-ed Client Component used:

- A server/client branch `if (typeof window !== 'undefined')`.
- Variable input such as `Date.now()` or `Math.random()` which changes each time it's called.
- Date formatting in a user's locale which doesn't match the server.
- External changing data without sending a snapshot of it along with the HTML.
- Invalid HTML tag nesting.

It can also happen if the client has a browser extension installed which messes with the HTML before React loaded.

%s%s https://react.dev/link/hydration-mismatch 

  ...
    <LoadingBoundary loading={null}>
      <HTTPAccessFallbackBoundary notFound={undefined} forbidden={undefined} unauthorized={undefined}>
        <RedirectBoundary>
          <RedirectErrorBoundary router={{...}}>
            <InnerLayoutRouter url="/animations" tree={[...]} cacheNode={{lazyData:null, ...}} segmentPath={[...]}>
              <SegmentViewNode type="page" pagePath="/Documents...">
                <SegmentTrieNode>
                <ClientPageRoot Component={function AnimationPage} searchParams={{}} params={{}}>
                  <AnimationPage params={Promise} searchParams={Promise}>
                    <main data-orchids-id="src/app/an..." data-orchids-name="main" className="relative h...">
                      <div>
                      <div>
                      <div data-orchids-id="src/app/an..." data-orchids-name="div" className="relative z..." ...>
                        <div>
                        <div data-orchids-id="src/app/an..." data-orchids-name="div" className="flex-1 bor...">
                          <AutomatedBankingDemo data-orchids-id="src/app/an..." data-orchids-name="DemoComponent">
                            <div data-orchids-id="src/compon..." data-orchids-name="div" ref={{current:null}} ...>
                              ...
                                <div data-orchids-id="src/compon..." data-orchids-name="motion.div" ...>
                                  <BankingDashboard data-orchids-id="src/compon..." data-orchids-name="BankingDas...">
                                    <div
                                      data-orchids-id="src/components/animations/BankingDashboard.tsx:75:8"
                                      data-orchids-name="div"
                                      className="flex w-full h-full bg-white text-slate-800 overflow-hidden"
                                      style={{fontFamily:"var(--font...",fontSize:"11px"}}
-                                     data-orchid-ref="ref-7ud2b68v7f"
                                    >
                                      <aside
                                        data-orchids-id="src/components/animations/BankingDashboard.tsx:77:12"
                                        data-orchids-name="aside"
                                        className="w-[140px] border-r border-gray-100/80 p-3 flex flex-col justify-bet..."
-                                       data-orchid-ref="ref-1qyhnq2yim"
                                      >
                                        <div
                                          data-orchids-id="src/components/animations/BankingDashboard.tsx:78:16"
                                          data-orchids-name="div"
-                                         data-orchid-ref="ref-o3m76fiial"
                                        >
                                          <div
                                            data-orchids-id="src/components/animations/BankingDashboard.tsx:79:20"
                                            data-orchids-name="div"
                                            className="flex items-center gap-1.5 mb-5 px-0.5"
-                                           data-orchid-ref="ref-p3xarxuzen"
                                          >
                                    ... [truncated]
2026-02-07T18:46:57.664Z [console][error] A tree hydrated but some attributes of the server rendered HTML didn't match the client properties. This won't be patched up. This can happen if a SSR-ed Client Component used:

- A server/client branch `if (typeof window !== 'undefined')`.
- Variable input such as `Date.now()` or `Math.random()` which changes each time it's called.
- Date formatting in a user's locale which doesn't match the server.
- External changing data without sending a snapshot of it along with the HTML.
- Invalid HTML tag nesting.

It can also happen if the client has a browser extension installed which messes with the HTML before React loaded.

%s%s https://react.dev/link/hydration-mismatch 

  ...
    <LoadingBoundary loading={null}>
      <HTTPAccessFallbackBoundary notFound={undefined} forbidden={undefined} unauthorized={undefined}>
        <RedirectBoundary>
          <RedirectErrorBoundary router={{...}}>
            <InnerLayoutRouter url="/animations" tree={[...]} cacheNode={{lazyData:null, ...}} segmentPath={[...]}>
              <SegmentViewNode type="page" pagePath="/Documents...">
                <SegmentTrieNode>
                <ClientPageRoot Component={function AnimationPage} searchParams={{}} params={{}}>
                  <AnimationPage params={Promise} searchParams={Promise}>
                    <main data-orchids-id="src/app/an..." data-orchids-name="main" className="relative h...">
                      <div>
                      <div>
                      <div data-orchids-id="src/app/an..." data-orchids-name="div" className="relative z..." ...>
                        <div>
                        <div data-orchids-id="src/app/an..." data-orchids-name="div" className="flex-1 bor...">
                          <AutomatedBankingDemo data-orchids-id="src/app/an..." data-orchids-name="DemoComponent">
                            <div data-orchids-id="src/compon..." data-orchids-name="div" ref={{current:null}} ...>
                              ...
                                <motion.div data-orchids-id="src/compon..." data-orchids-name="motion.div" ...>
                                  <div
                                    data-orchids-id="src/components/animations/AutomatedBankingDemo.tsx:120:20"
                                    data-orchids-name="motion.div"
                                    className="absolute inset-0"
                                    style={{opacity:0,transform:"scale(0.98)"}}
                                    ref={function useMotionRef.useCallback}
-                                   data-orchid-ref="ref-3asv534z6u"
                                  >
                                    <BankingDashboard data-orchids-id="src/compon..." data-orchids-name="BankingDas...">
                                      <div
                                        data-orchids-id="src/components/animations/BankingDashboard.tsx:75:8"
                                        data-orchids-name="div"
                                        className="flex w-full h-full bg-white text-slate-800 overflow-hidden"
                                        style={{fontFamily:"var(--font...",fontSize:"11px"}}
-                                       data-orchid-ref="ref-7viiaer175"
                                      >
                                        <aside
                                          data-orchids-id="src/components/animations/BankingDashboard.tsx:77:12"
                                          data-orchids-name="aside"
                                          className="w-[140px] border-r border-gray-100/80 p-3 flex flex-col justify-b..."
-                                         data-orchid-ref="ref-ypd4nv5ivg"
                                        >
                                          <div
                                            data-orchids-id="src/components/animations/BankingDashboard.tsx:78:16"
                                            data-orchids-name="div"
-              ... [truncated]
2026-02-07T18:46:57.663Z [console][error] A tree hydrated but some attributes of the server rendered HTML didn't match the client properties. This won't be patched up. This can happen if a SSR-ed Client Component used:

- A server/client branch `if (typeof window !== 'undefined')`.
- Variable input such as `Date.now()` or `Math.random()` which changes each time it's called.
- Date formatting in a user's locale which doesn't match the server.
- External changing data without sending a snapshot of it along with the HTML.
- Invalid HTML tag nesting.

It can also happen if the client has a browser extension installed which messes with the HTML before React loaded.

%s%s https://react.dev/link/hydration-mismatch 

  ...
    <LoadingBoundary loading={null}>
      <HTTPAccessFallbackBoundary notFound={undefined} forbidden={undefined} unauthorized={undefined}>
        <RedirectBoundary>
          <RedirectErrorBoundary router={{...}}>
            <InnerLayoutRouter url="/animations" tree={[...]} cacheNode={{lazyData:null, ...}} segmentPath={[...]}>
              <SegmentViewNode type="page" pagePath="/Documents...">
                <SegmentTrieNode>
                <ClientPageRoot Component={function AnimationPage} searchParams={{}} params={{}}>
                  <AnimationPage params={Promise} searchParams={Promise}>
                    <main data-orchids-id="src/app/an..." data-orchids-name="main" className="relative h...">
                      <div>
                      <div>
                      <div data-orchids-id="src/app/an..." data-orchids-name="div" className="relative z..." ...>
                        <div>
                        <div data-orchids-id="src/app/an..." data-orchids-name="div" className="flex-1 bor...">
                          <AutomatedBankingDemo data-orchids-id="src/app/an..." data-orchids-name="DemoComponent">
                            <div data-orchids-id="src/compon..." data-orchids-name="div" ref={{current:null}} ...>
                              ...
                        ...
